date,mean_temp_nationwide,min_temp_nationwide,max_temp_nationwide,mean_precipitation_mm_nationwide,min_precipitation_mm_nationwide,max_precipitation_mm_nationwide,mean_sun_hours_nationwide,min_sun_hours_nationwide,max_sun_hours_nationwide
2020-01-03,5.24,3.3,7.8,2.61,0.7,6.6,0.5777777777777778,0,4.2
2020-01-06,3.0700000000000003,-0.6,5.6,0.3,0,1.7,3.8666666666666667,0,8.2
2020-01-07,3.9,1,6.9,0.48000000000000004,0,1.6,0.4111111111111111,0,1.4
2020-01-08,6.12,2.4,9.3,3.6,0,13.6,0.022222222222222223,0,0.2
2020-01-09,9.16,7,11.4,4.84,0,10.9,1.3777777777777778,0,7.6
2020-01-10,8.01,7.4,9.4,1.54,0.2,2.9,1.3111111111111111,0,5.6
2020-01-13,5.22,3.1,7.3,0.22,0,1,1.1666666666666667,0,2.9
2020-01-14,7.59,4.8,10.5,0.37,0,1.7,1.8888888888888888,0,7.5
2020-01-15,8.98,4.9,11.7,0.28,0,1.5,4.355555555555556,1.1,8.4
2020-01-16,7.14,4.1,10.4,0,0,0,6.222222222222222,4.8,7.1
2020-01-17,5.93,2.9,8.6,1.09,0,4.9,4.544444444444444,0,7.4
2020-01-20,2.19,0.4,4.5,0,0,0,1.4555555555555555,0,6.4
2020-01-21,0.5,-2.8,4.1,0,0,0,6.377777777777777,0.3,8.2
2020-01-22,0.32000000000000006,-3.8,6,0.01,0,0.1,1.288888888888889,0,5.5
2020-01-23,1.36,-2.5,5,0,0,0,0.5777777777777778,0,3.6
2020-01-24,0.10999999999999999,-2.2,1.6,0.03,0,0.3,3.5555555555555554,0,8.1
2020-01-27,5.76,3.7,7.5,3.42,0.2,12.6,1.988888888888889,0,5.4
2020-01-28,5.04,4.2,5.7,4.83,1.2,13.3,1.1111111111111112,0,2.1
2020-01-29,3.77,2.3,4.8,4.25,0,29.5,0.7666666666666667,0,1.8
2020-01-30,6.62,5.2,8.3,1.45,0.4,3.1,2,0,7.2
2020-01-31,11.18,9.8,12.7,0.47000000000000003,0,1.3,1.3555555555555556,0.2,3.4
2020-02-03,8.36,6.7,10.7,12.93,2.5,34.8,0.1,0,0.5
2020-02-04,4.7,3.7,5.3,2.09,0.8,5.1,1.5999999999999999,0.4,4.1
2020-02-05,3.04,1.4,4.9,0.08,0,0.8,5.566666666666666,0.6,8.6
2020-02-06,2.64,-0.6,5.5,0.01,0,0.1,2.488888888888889,0,9.4
2020-02-07,2.84,-0.6,5.8,0.02,0,0.2,4.488888888888889,0,9.4
2020-02-10,8.17,6.1,10.4,7.97,1.4,13.4,2.111111111111111,0.6,4.8
2020-02-11,4.48,3.5,5.8,2.5300000000000002,0,9.3,1.8888888888888888,0,3.4
2020-02-12,3.88,2.4,4.9,0.76,0,4.6,2.1444444444444444,0.5,4.4
2020-02-13,3.77,2.6,5.2,4.84,0.1,8.5,1.5,0,3.6
2020-02-14,5.63,4.1,6.9,0.46,0,1.5,0.32222222222222224,0,1
2020-02-17,9.11,7.8,11.6,2.67,0,9.1,2.2333333333333334,0,5
2020-02-18,6.65,5.6,7.5,1.48,0,5.5,2.4333333333333336,0.6,5.3
2020-02-19,5.140000000000001,4.2,6.4,1.68,0.2,6.2,1.911111111111111,1,4.1
2020-02-20,6.15,4.6,7.9,3.08,0.3,6.8,1.1555555555555554,0,3.9
2020-02-21,5.81,5,6.4,0.25,0,2.5,3.9222222222222225,0.8,9.3
2020-02-24,6.59,5,8.5,5.0200000000000005,0.1,17.8,0.9,0,3.7
2020-02-25,7.78,5.8,9.8,3.0100000000000002,0.2,9.3,2.4,0.1,4.5
2020-02-26,3.04,2.2,4.3,2.42,0.3,5.5,1.7,0,4.5
2020-02-27,2.66,1.8,3.5,7.3,0.4,15.4,0.8,0,2
2020-02-28,3.5,1.8,4.8,4.01,0,12.2,4.9,1.9,6.8
2020-03-02,6.32,5.2,7.2,2.78,0,7,3.444444444444444,0.4,8.7
2020-03-03,4.76,4,5.8,0.9,0,3.2,2.677777777777778,0,6.4
2020-03-04,4.28,1.9,6.2,0.55,0,2.4,2.511111111111111,0.6,4.6
2020-03-05,5.3,3.5,6.1,7.18,0.8,16.2,2.588888888888889,0,9.1
2020-03-06,5.54,4.6,6.4,3.35,0.2,7.8,0.5,0,2.7
2020-03-09,7.15,5.9,8.6,2.92,0.1,7,2.177777777777778,0.8,4.9
2020-03-10,7.46,5.2,10.1,11.69,7,17.6,0.11111111111111112,0,0.5
2020-03-11,11.52,9.5,13.8,3.16,0,19.8,3.577777777777778,0,9.4
2020-03-12,10.26,7.6,12.6,1.77,0.1,3.3,4.066666666666666,1.9,6.1
2020-03-13,6.47,5.1,7.3,1.44,0,4.8,3.611111111111111,1.5,9.2
2020-03-16,9.69,8.4,11.2,0,0,0,9.61111111111111,5.7,11.5
2020-03-17,9.84,7.2,12.7,0,0,0,5.022222222222222,1,10
2020-03-18,10.82,9.8,12,0.22,0,1.8,8.322222222222223,1.7,11.4
2020-03-19,10.75,7.4,12.3,0.04,0,0.4,5.322222222222222,0,11.4
2020-03-20,8.91,6.1,12.3,2.47,0,16.5,2.966666666666667,0,10.7
2020-03-23,2.1,-0.5,4.8,0,0,0,11.644444444444444,10.7,12.1
2020-03-24,2.97,0.3,5.7,0,0,0,11.4,9.8,12.1
2020-03-25,4.01,1,6.6,0,0,0,11.61111111111111,10.6,12.1
2020-03-26,4.85,2.4,6.4,0,0,0,9.488888888888889,3.6,11.9
2020-03-27,8.99,6.9,10.6,0,0,0,11.155555555555555,10.5,11.7
2020-03-28,8.72,6.6,12.3,0.2,0,2,11.122222222222222,9.9,11.7
2020-03-30,1.88,0.2,4.1,1.13,0,6.1,6.044444444444444,2,12.2
2020-03-31,2.68,0.8,5.8,0.01,0,0.1,7.955555555555556,5.3,11.8
2020-04-01,3.67,1.6,5.1,0,0,0,9.433333333333334,0.4,12.5
2020-04-02,6.1,4.7,7.7,0.2,0,1.8,7.622222222222222,1.6,12.5
2020-04-03,7.02,5.3,8.6,0.02,0,0.2,5.055555555555555,1.1,11.1
2020-04-06,13.84,10.9,16.5,0,0,0,12.466666666666667,12.1,12.7
2020-04-07,13.959999999999999,12.2,16.2,0,0,0,11.2,9.3,12.7
2020-04-08,14.98,13.4,17.1,0,0,0,12.1,11.2,12.7
2020-04-09,13.36,9.8,17.1,0,0,0,11.2,8.5,12.7
2020-04-11,12.24,9.4,14.9,0,0,0,12.466666666666667,11.8,13.1
2020-04-14,5.18,3.2,6.5,0,0,0,7.444444444444445,2.8,10.8
2020-04-15,8.86,6.9,10,0,0,0,11.155555555555555,8.5,13.1
2020-04-16,12.72,9.3,15.1,0,0,0,12.122222222222222,9.3,13.3
2020-04-17,13.68,8.5,17.7,0,0,0,11.822222222222223,8.4,13.1
2020-04-20,11.63,9.1,13.8,0,0,0,12.411111111111111,5.8,13.9
2020-04-21,12.959999999999999,10.7,15,0,0,0,13.277777777777777,12.6,13.8
2020-04-22,13.83,11,16.5,0,0,0,13.566666666666666,13.2,13.9
2020-04-23,14.05,13,15.8,0,0,0,13.322222222222221,12.7,13.7
2020-04-24,13.879999999999999,11.1,16,0,0,0,11.377777777777778,9.2,12.8
2020-04-27,14.12,12.4,15.6,0.06,0,0.6,10.577777777777778,5.3,13.7
2020-04-28,13.98,11.3,17.7,3.88,0.1,18.2,5.011111111111111,1.2,9.4
2020-04-29,12.59,9.7,14.9,3.93,0.2,10.9,2.022222222222222,0.1,4
2020-04-30,12.19,11.5,14,4.37,0.1,12.6,3,0.2,5
2020-05-04,11.030000000000001,8.8,12.9,2.19,0,8.5,4.7555555555555555,0.2,11.1
2020-05-06,9.73,7.8,11.5,0,0,0,12.422222222222222,5.6,14.8
2020-05-07,11.82,9.5,14.6,0,0,0,10.744444444444444,5.7,14.3
2020-05-08,15.09,11,17.7,0,0,0,11.61111111111111,8.3,13.7
2020-05-11,8.34,7.1,11.8,8.78,0,24.7,2.9333333333333336,0,7.4
2020-05-12,6.72,5.6,8.4,0.65,0,3.6,8.066666666666666,4.7,12.4
2020-05-13,8.39,7.1,10.6,1.98,0,11.9,4.122222222222222,0.1,6.6
2020-05-14,9.24,7.1,10.7,0.73,0,7.3,6.833333333333333,0,13.4
2020-05-15,9.74,7.2,12.1,0.24000000000000002,0,1.6,7.511111111111111,0.3,14.3
2020-05-18,15.41,13.8,17.2,0.06999999999999999,0,0.6,10.28888888888889,0.1,14.8
2020-05-19,16.55,13.9,19.5,0,0,0,8.933333333333334,2,13.2
2020-05-20,16.18,13.4,19.7,0,0,0,6.277777777777778,2.6,12.2
2020-05-22,18.47,15.7,20.6,2.82,0,9.3,3.811111111111111,0.2,9.1
2020-05-25,13.67,10.9,16.5,0.5,0,3.3,3.2333333333333334,0.4,5.8
2020-05-26,14.06,12.1,15.6,0,0,0,10.5,6.7,14.9
2020-05-27,15.68,14,18.1,0.6000000000000001,0,4.9,12.011111111111111,9.7,14.6
2020-05-28,14.59,12.6,17.4,0.1,0,0.6,10.444444444444445,3.1,15.2
2020-05-29,14.71,12.2,16.8,0,0,0,11.166666666666666,3.9,15.3
2020-06-02,19.33,15.9,21.5,0.45,0,4.5,13.933333333333334,10.5,14.9
2020-06-03,19.34,17.4,20.7,1.47,0,9,10.955555555555556,9,13.4
2020-06-04,15.3,13.6,18.4,5.64,2.1,11.5,1.7,0,6.7
2020-06-05,12.21,10.3,14.1,5.84,0.5,16.2,2.966666666666667,0.5,6.6
2020-06-08,14.47,12.8,17.3,1.7000000000000002,0,11.8,5.433333333333334,2.7,10.3
2020-06-09,14.64,12.6,18.1,1.92,0,8.1,3.033333333333333,0,6.8
2020-06-10,15.17,12.7,16.7,3.31,0,10.2,2.4,0,9
2020-06-11,15.71,13.3,17.6,1.07,0,5.9,2.1444444444444444,0,4.9
2020-06-12,19.93,18,21.3,0.51,0,4.9,10.755555555555555,5.6,15.7
2020-06-15,17.8,13.5,20.1,4.82,0,27.2,5.1,0,14.4
2020-06-16,18.240000000000002,15.3,21,2.15,0,9.6,6.6,1,15.2
2020-06-17,19.37,15.9,23.3,5.94,0,19.8,7.2,1.5,15
2020-06-18,18.48,16.2,22,0.64,0,2.4,5.911111111111111,0.6,11.1
2020-06-19,17.44,13.9,19.4,2.5,0,11.7,5.666666666666667,0,13.4
2020-06-22,19.38,17.6,20.9,0,0,0,10.055555555555555,5.3,13.9
2020-06-23,19.82,18.2,21.7,0,0,0,14.633333333333333,12.3,16
2020-06-24,20.740000000000002,17.3,23,0.24,0,2.4,13.422222222222222,6.3,16
2020-06-25,21.32,18,23.4,0.01,0,0.1,10.9,7.7,14.6
2020-06-26,22.29,19.7,24.8,2.4899999999999998,0,24.7,11.6,7.8,14.2
2020-06-29,17.86,17,19.6,1.7899999999999998,0,10.7,6.955555555555556,4.3,10.2
2020-06-30,18.16,15.3,20,0.8300000000000001,0,5.4,6.433333333333334,0,14.9
2020-07-02,18.66,15.9,21,6.33,0,17.5,4.211111111111111,1.4,7.2
2020-07-03,17.95,16.6,19.8,0.060000000000000005,0,0.4,6.611111111111111,3.4,11.6
2020-07-06,16.88,13.7,19.1,1,0,6.5,7.9222222222222225,4.9,9.2
2020-07-07,15.52,13.6,17.6,0.58,0,1.9,8.088888888888889,4.3,13.9
2020-07-08,15.629999999999999,13.3,19.7,2.58,0,8,2.966666666666667,0,12.1
2020-07-09,18.75,11.9,22.9,4.859999999999999,0,24.7,4.177777777777778,0,13.5
2020-07-10,18.86,12.8,23.6,5.79,0,36.7,5.622222222222223,1.6,12.8
2020-07-13,18.02,15.7,20.5,0,0,0,13.7,11.6,15.2
2020-07-14,18.56,15,21.9,2.45,0,6.9,7.988888888888889,1.3,14.1
2020-07-20,19.9,16.5,22.6,0.01,0,0.1,9.11111111111111,4.6,14.4
2020-07-21,18.06,14,20.8,0.86,0,7.3,10.8,7.7,13
2020-07-22,17.89,14.5,21.1,0.13999999999999999,0,1.4,10.877777777777778,6.1,14.8
2020-07-23,19.14,17.1,21.4,0,0,0,11.077777777777778,7.1,14.6
2020-07-24,20.2,17.9,23,0.16,0,0.6,6.022222222222222,2.7,8.9
2020-07-27,20.990000000000002,18,22.7,0.07,0,0.3,7.544444444444444,1.5,14.6
2020-07-28,22.16,18.1,24.8,0.43,0,2.6,7.722222222222222,5.2,11.6
2020-07-29,19.04,15.8,21.5,0.06999999999999999,0,0.7,10.011111111111111,1.9,14.6
2020-07-30,19.86,15.6,23.2,0,0,0,12.777777777777779,5.5,14.7
2020-07-31,23.11,18.5,26.5,0.02,0,0.2,14.055555555555555,11.9,14.7
2020-08-03,17.46,15.8,19.8,4.8,0,40.7,4.811111111111111,0,10
2020-08-04,16.76,13.5,19.8,1.07,0,10.3,6.211111111111111,0,11.5
2020-08-05,20.02,16.6,22.5,0,0,0,13.588888888888889,11.6,14.5
2020-08-06,22.81,19.5,25.5,0,0,0,14.144444444444444,13.8,14.4
2020-08-07,24.91,22,26.6,0,0,0,13.622222222222222,11.9,14.4
2020-08-10,25.23,21,27.5,1.99,0,18.7,10.188888888888888,0,13.7
2020-08-11,25.39,23.2,26.8,2.53,0,15.5,10.68888888888889,7.2,13.6
2020-08-12,25.03,22.7,26.5,4.95,0,48.7,11.011111111111111,4.6,13.8
2020-08-13,23.69,21.1,26,3.29,0,23.6,6.677777777777778,1.7,11.9
2020-08-14,22.57,20.8,24.5,2.57,0,12,5.4,1.6,10
2020-08-17,20.95,19.2,24.8,6.49,0,30.5,5.177777777777778,0,11.9
2020-08-18,19.72,18.5,21.2,6.38,0,14.3,5.688888888888889,2.7,7.7
2020-08-19,20.63,19.5,22.4,0.37,0,2.7,10.655555555555555,9.2,11.5
2020-08-20,23.84,22.9,25.9,0.3,0,1.3,6.266666666666667,2.6,10.3
2020-08-21,25.9,22.8,28.4,1.72,0,8.1,8,2.5,13.1
2020-08-24,17.02,14.6,18.8,1.22,0,10,3.9444444444444446,0.9,6
2020-08-25,17.84,15.4,19.3,1.16,0,6.8,5.911111111111111,1,10.4
2020-08-26,19.35,16.4,22.9,2.4899999999999998,0,8.7,4.222222222222222,0.2,12.6
2020-08-27,17.19,15.4,18.9,0.5700000000000001,0,2.1,6,2.3,10.8
2020-08-28,17.54,16.1,19.6,7.64,0,40.8,4.355555555555555,1.8,6.9
2020-08-31,15.64,13.9,17.3,2.15,0,16.5,3.066666666666667,0.9,6.3
2020-09-01,14.76,13.1,17.1,1.23,0,9.8,3.7222222222222223,0.3,11.7
2020-09-02,14.72,13.5,16.7,1.2,0,11.9,7.688888888888889,1.4,11.9
2020-09-03,15.66,13.3,17.7,4.15,0,13,5.633333333333334,0,9.8
2020-09-04,19.46,16.9,22.2,0.99,0,6.9,4.622222222222223,0.1,9.8
2020-09-07,14.58,13.4,16.4,0.03,0,0.3,7.822222222222222,0.8,11.6
2020-09-08,16.29,15.1,18.2,0,0,0,6.033333333333333,0.6,12.5
2020-09-09,18.22,17.1,20.1,0.56,0,1.8,6.533333333333333,0.1,12.6
2020-09-10,16.04,13.7,19.3,0.08,0,0.8,7.177777777777777,2.3,11.7
2020-09-11,16.55,14.5,19.3,0,0,0,8.78888888888889,5.9,11.1
2020-09-14,20.45,18.9,22.3,0,0,0,11.488888888888889,11,12
2020-09-15,21.85,20,24.1,0,0,0,11.244444444444445,10.6,12
2020-09-16,20.2,16.1,23.1,0,0,0,8.666666666666666,5.2,10.3
2020-09-17,15.72,11.5,19.1,0,0,0,9.044444444444444,4.5,11.3
2020-09-18,14.440000000000001,11.4,16.7,0,0,0,11.033333333333333,7.4,12
2020-09-21,16.4,14.7,18.3,0,0,0,11.233333333333333,11,11.8
2020-09-22,17.39,14.7,19,0.64,0,6.3,10.188888888888888,8.5,11.2
2020-09-23,17.63,15.5,20.4,2.1,0,8,5.377777777777778,1.1,9
2020-09-24,16.73,15.5,18.2,6.57,0,16.6,5.822222222222222,3.2,8.8
2020-09-25,11.93,9.3,13.7,5.66,0,27,2.1666666666666665,0,5.3
2020-09-28,11.11,8,13.9,0.33,0,1.2,2.988888888888889,0,9.3
2020-09-29,12.03,10.5,14.4,1.23,0,5.2,2.7777777777777777,0,6.5
2020-09-30,13.72,12.2,15.4,0.11000000000000001,0,1.1,5.188888888888889,0.1,10.5
2020-10-01,13.1,12,14.7,0.52,0,3.1,5.4222222222222225,0.4,9.4
2020-10-02,14.469999999999999,13.2,15.6,0.04,0,0.4,2.922222222222222,0.1,7.8
2020-10-05,11.61,11.1,12,3.37,0.2,9.9,1.5555555555555556,0,3.3
2020-10-06,12.27,11.6,13.1,3.17,0,12.1,1.488888888888889,0.4,2.9
2020-10-07,11.959999999999999,10.1,13.5,2.2,0.1,3.9,1.4777777777777779,0.3,3.1
2020-10-08,12.87,11.6,13.8,4.73,0,17.1,1.8777777777777778,0,6.5
2020-10-09,13.3,11.5,14.9,2.62,0,11.6,2.4555555555555557,0.1,8.3
2020-10-12,7.89,5,10.3,1.0899999999999999,0,3.3,1.5333333333333334,0.3,3.2
2020-10-13,7.59,5.7,9.2,2.72,0,25,3.966666666666667,0,7.5
2020-10-14,7.95,5.1,10.1,5.33,0,28.8,0.1888888888888889,0,1.1
2020-10-15,8.8,6.7,10.5,1.49,0,6.4,0.6333333333333333,0,4.3
2020-10-16,8.48,7.1,9.7,1.6,0,8.9,0.7777777777777778,0,3.5
2020-10-19,8.64,6.9,10,0,0,0,1.9666666666666666,0,6.6
2020-10-20,8.9,6.9,11.5,2.04,0,7.6,2.6222222222222222,0.1,7.2
2020-10-21,13.29,11.6,15.9,1.2,0,4.1,1.7666666666666666,0,5.6
2020-10-22,15.23,13.1,16.8,1.1199999999999999,0,5.1,3.3111111111111113,0.5,5.7
2020-10-23,13.7,11.5,14.8,4.63,0,17.2,0.8333333333333334,0.1,2.2
2020-10-26,9.95,6.6,11.3,3.03,0,16.4,0.2777777777777778,0,0.8
2020-10-27,9.3,6.6,11,0.6,0,2,1.8777777777777778,0.2,4.3
2020-10-28,10.71,9.1,12.4,3.62,0,6.5,2.2222222222222223,0,3.8
2020-10-29,10.15,9,11.1,7.99,1.9,15.5,1.8222222222222222,0,3.9
2020-10-30,12.63,10.9,14.4,4.04,0,17.7,0.08888888888888889,0,0.6
2020-11-02,17.240000000000002,16.3,18.5,2.16,0,7.2,1.2444444444444445,0.1,2.1
2020-11-03,11.17,9.5,12.6,1.02,0,7.8,3.6444444444444444,0,7.8
2020-11-04,7.52,5,9.2,0.01,0,0.1,4.311111111111111,0,8
2020-11-05,5.91,3.4,8,0,0,0,5.955555555555556,2.6,9.1
2020-11-06,6.31,1.8,10.6,0,0,0,4.2555555555555555,0,9
2020-11-09,7.04,2.8,12.6,0.03,0,0.3,3.7111111111111112,0,8.3
2020-11-10,6.25,3.9,11.8,0.01,0,0.1,2.888888888888889,0,8
2020-11-11,7.07,4.4,10.8,0.04,0,0.3,0.6,0,2.2
2020-11-12,8.37,6.1,10.3,0.56,0,2.7,2.2444444444444445,0,5.5
2020-11-13,9.09,8.2,10.3,0.11,0,0.7,4.4222222222222225,1.7,7.2
2020-11-16,10.02,9.3,11.1,0.37,0,1,1.5777777777777777,0.2,4.5
2020-11-17,10.1,8.4,11.5,0.41,0,2,1.488888888888889,0,5.6
2020-11-18,9.94,6.5,12.6,0.09,0,0.4,5.311111111111111,0,8.9
2020-11-19,8.27,6.3,9.2,1.48,0.6,3.2,0.6222222222222222,0,1.5
2020-11-20,3.88,2.9,5,0.01,0,0.1,2.8222222222222224,0.8,4.9
2020-11-23,5.93,4.5,7.3,0.18,0,0.7,3.3555555555555556,0,7
2020-11-24,4.41,2.3,6.4,0,0,0,2.9555555555555557,0,8
2020-11-25,3.13,0.2,7,0.01,0,0.1,4.555555555555555,0,8
2020-11-26,3.65,0.5,8.1,0.24,0,1,2.6,0,8.3
2020-11-27,3.02,0,7.4,0.01,0,0.1,3.6777777777777776,0,6.9
2020-11-30,-0.13,-2.9,2.4,4.98,0,13.6,2.322222222222222,0,7.8
2020-12-01,2.39,-0.3,6.4,1.78,0,7.5,0.03333333333333333,0,0.3
2020-12-02,1.04,-2.2,4.7,0.36000000000000004,0,3.2,0.8,0,6.7
2020-12-03,1,-1.4,4.1,0.75,0,3.6,0.3888888888888889,0,3.5
2020-12-04,2.64,0.2,5.8,1.29,0,7.7,1.4,0,4.6
2020-12-07,4.1899999999999995,2,7.6,0.86,0,4.1,1.0666666666666667,0,3.8
2020-12-08,3.11,0.4,5.4,0.37,0,2.2,2.388888888888889,0,6.4
2020-12-09,2.19,0.8,4.9,1.68,0,6.6,0.6777777777777777,0,4.1
2020-12-10,0.86,-0.5,2.6,0.05,0,0.5,0.7444444444444445,0,4.1
2020-12-11,1.91,-0.2,3.2,0.61,0,2.5,0.4444444444444444,0,2
2020-12-14,5.6,3,8.2,2.05,0,7.9,2.4,0,6.6
2020-12-15,6.07,3.1,8.1,2.1,0,8.7,0.2,0,1.1
2020-12-16,6.58,2.9,8.5,0,0,0,2.066666666666667,0,5.9
2020-12-17,6.05,3,9.2,0.7000000000000001,0,2.6,2.1888888888888887,0.1,6.5
2020-12-18,4.9,1.5,7.5,0,0,0,6.022222222222222,2.4,7.8
2020-12-21,5.63,3.5,7.4,5.95,1,10.1,2.033333333333333,0,5.2
2020-12-22,10.870000000000001,8.7,12.9,5.3100000000000005,0.4,16.6,0.5333333333333333,0,2
2020-12-23,9.83,4,12.6,11.17,4.3,25.1,0.011111111111111112,0,0.1
2020-12-28,2.94,0.3,4.7,1.91,0.3,4.5,0.5333333333333333,0,2.3
2020-12-29,2.53,1.5,3.6,1.15,0,5.6,1.1555555555555557,0,4.4
2021-01-04,1.09,-0.9,2.8,0.78,0,4.7,0,0,0
2021-01-05,1.41,-1.3,2.9,1.17,0,2.3,0,0,0
2021-01-06,1.1600000000000001,-1.2,2.7,2.27,0,7.8,0,0,0
2021-01-07,0.9,0,1.9,1.82,0,6.2,0.2222222222222222,0,1.4
2021-01-08,0.7,-0.1,1.8,0.71,0,2.1,0.1,0,0.8
2021-01-11,-0.7899999999999999,-6.1,3.3,3.4899999999999998,0,9.7,1.6,0,8
2021-01-12,2.18,-0.1,5,4.92,2.4,7.4,0.9,0,3.6
2021-01-13,1.67,0.5,2.7,1.56,0,3.9,1.2444444444444445,0,2.7
2021-01-14,0.72,-0.5,1.8,0.06,0,0.5,0.022222222222222223,0,0.1
2021-01-15,-0.75,-3.3,0.6,0.1,0,1,1.922222222222222,0,8.2
2021-01-18,2.02,-1.6,4.8,1.97,0,5.4,0.06666666666666667,0,0.5
2021-01-19,3.65,1.5,6.3,5.71,0,15.3,0.5555555555555556,0,4
2021-01-20,6.07,2.3,8.4,0.11000000000000001,0,1.1,1.722222222222222,0.1,6.3
2021-01-21,7.76,5.3,8.8,2.82,0,7.6,2.9555555555555557,1.5,5
2021-01-22,6.11,4.5,7.9,2.87,0,7.7,2.388888888888889,0,5.9
2021-01-25,0.019999999999999955,-2.2,1.4,2.43,0,13.5,1.4555555555555555,0,5.8
2021-01-26,0.92,-0.9,3.1,0.53,0,1.4,1.2222222222222223,0,3.6
2021-01-27,1.1300000000000001,-0.8,3.1,1.34,0.2,4.4,1.2666666666666666,0,3.8
2021-01-28,3.55,0.6,5.9,13.42,0,31.8,0.2222222222222222,0,1.5
2021-01-29,4.58,-1.1,9.1,5.24,2.3,13.7,0.8,0,2.4
2021-02-01,0.93,-3.5,5.5,1.56,0,9.6,0.8666666666666667,0,4.6
2021-02-02,4.64,-0.7,8.5,5.35,1,11.8,0.08888888888888888,0,0.7
2021-02-03,7.34,0.4,10.4,11.65,5.8,25.4,0.23333333333333334,0,0.7
2021-02-04,5.33,1,8.2,0.74,0,4.1,3.3,0,8.1
2021-02-05,4.57,-0.1,7.9,1.77,0,5.8,0.6,0,2.9
2021-02-08,-4.18,-9.6,2.9,0.8,0,2,0.5555555555555556,0,3.6
2021-02-09,-6.21,-11.4,-0.6,0.45,0,2.5,1.6111111111111112,0,6.4
2021-02-10,-6.61,-12.3,-2.4,0.98,0,6.1,2.6555555555555554,0,5.8
2021-02-11,-6.59,-9.4,-4.3,0.04,0,0.3,5.5,0,9.5
2021-02-12,-6.9399999999999995,-10.4,-4.7,0,0,0,7.588888888888889,0,9.7
2021-02-15,-1.69,-6.1,2.1,3.4,0.9,8.6,1.6222222222222222,0,4.4
2021-02-16,4.13,-0.1,7.3,1.6300000000000001,0.2,3.6,0.6,0,1.9
2021-02-17,7,4.9,9.3,0.46,0,2.1,0.9444444444444444,0.1,3.8
2021-02-18,6.89,4.9,8.4,1.23,0,3.2,4.355555555555556,0.3,8.8
2021-02-19,7.1,6.3,8.1,0.16999999999999998,0,1.7,5.511111111111111,2,7.6
2021-02-22,8.05,5.1,12.1,0,0,0,6.355555555555555,0,9.9
2021-02-23,10.52,7.3,14.5,0,0,0,6.011111111111111,2,8.6
2021-02-24,11.83,9.1,14.6,0,0,0,8.422222222222222,6.9,9.4
2021-02-25,11.43,9.5,13.8,0.55,0,3.7,8.066666666666666,5.6,9.8
2021-02-26,7.22,5,10.9,1.09,0,3.7,4.4222222222222225,0.2,8.6
2021-03-01,4.84,2.3,6.6,0.02,0,0.2,7.933333333333334,3.7,10.8
2021-03-02,5.78,3.7,8.9,0,0,0,9.3,7.1,10.7
2021-03-03,6.5,3.8,10.3,0,0,0,4.822222222222222,0,8
2021-03-04,5.89,3,9,6.15,0,24.2,1.9222222222222223,0,6.5
2021-03-05,2.09,0.7,4.1,0.38,0,3.3,6.044444444444444,0,10.5
2021-03-08,1.79,-0.6,3.7,0.61,0,4.6,6.2555555555555555,0,10.3
2021-03-09,2.24,0.7,4.8,0.64,0,2.3,3.9222222222222225,0,8.9
2021-03-10,4.73,2.4,7.4,3.56,0,17.2,2.7333333333333334,0,9.5
2021-03-11,8.35,6.3,10.1,4.82,0.9,7.5,1.6111111111111112,0.1,3.6
2021-03-12,6.77,5.9,7.5,2.46,0.1,7.7,3.3111111111111113,0.2,6.4
2021-03-15,4.66,2.8,6.1,2.99,0.7,6.1,1.6111111111111112,0.4,2.8
2021-03-16,4.27,2.5,6.1,2.39,0,6,1.3222222222222222,0.4,4.3
2021-03-17,2.66,1.3,4.7,0.98,0,2.2,1.9222222222222223,0.4,5.1
2021-03-18,2.15,0.6,3.3,1.54,0,5.5,2,0.1,5.5
2021-03-19,1.69,0,4.5,0.5700000000000001,0,1.6,4.188888888888889,0.8,8.3
2021-03-22,4.62,2.4,6.2,0.13,0,0.3,2.2777777777777777,0,10.2
2021-03-23,5.49,3.3,7.7,0.03,0,0.3,1.0333333333333334,0,3.5
2021-03-24,7.6,5.1,8.7,0,0,0,8.377777777777778,3.5,11.8
2021-03-25,8.82,7.9,10.4,0.02,0,0.2,6.844444444444444,3.6,11.3
2021-03-26,10.69,9.5,12.3,1.04,0,4.2,7.655555555555556,3.3,11
2021-03-27,7.28,5.6,8.4,1.25,0,3.2,3.8777777777777778,2.1,7.1
2021-03-29,12.73,10.5,14.4,0.01,0,0.1,8.766666666666667,3.8,11.8
2021-03-30,13.55,11.8,14.9,0,0,0,11.877777777777778,11.2,12.3
2021-03-31,14.66,13.1,16.8,0,0,0,11.911111111111111,11.6,12.3
2021-04-01,12.82,8.5,15.9,0.06,0,0.3,6.811111111111111,0.4,11.4
2021-04-06,1.06,-0.6,3.3,2.17,0,6.8,4.277777777777778,2.4,5.8
2021-04-07,1.6400000000000001,-0.2,3.1,2.5,0.3,8.5,1.5777777777777777,0.5,2.9
2021-04-08,3.62,1.9,4.9,0.030000000000000002,0,0.2,3.488888888888889,1.5,7.9
2021-04-09,7.84,5.9,9.3,1.15,0,4.6,6.711111111111111,0.9,11.6
2021-04-10,8.85,5.8,12.4,4.87,0,15,2.466666666666667,0,9.3
2021-04-12,3.48,2.3,5.1,1.74,0,7.3,2.966666666666667,0,8.7
2021-04-13,3.61,2.5,4.9,0.1,0,0.6,6.333333333333333,1.3,8.9
2021-04-14,3.24,1.9,5.2,0.15,0,0.5,6.1,3.9,8.7
2021-04-15,3.62,1.7,5.4,0.32,0,2.8,5.777777777777778,0.3,8.9
2021-04-16,5.22,2.7,7.2,0.08,0,0.7,5.688888888888889,0.7,12.3
2021-04-19,8.58,5.8,10.3,1.91,0,6.1,3.3222222222222224,0,8.3
2021-04-20,10.02,8.1,11.5,0,0,0,9.144444444444444,2.6,13.5
2021-04-22,7.86,6.1,10.1,0,0,0,7.477777777777778,1.7,12
2021-04-23,7.95,6.2,9.8,0,0,0,11.344444444444445,3.9,13.7
2021-04-26,7.38,4.2,9.6,0,0,0,11.71111111111111,6.3,13.8
2021-04-27,8.91,6.3,11.1,0,0,0,13.566666666666666,12.7,14.1
2021-04-28,12.09,9.7,13.2,1.55,0,12.2,11.344444444444443,9.5,13.2
2021-04-29,10.959999999999999,7.9,12.4,2.91,0,10.5,2.3444444444444446,0,4.6
2021-04-30,8.34,6.1,11,2.46,0,12.1,2.4555555555555557,0,6.3
2021-05-03,7.79,5.9,9.8,1.18,0,8.5,5.866666666666666,1.9,9.5
2021-05-04,10.31,8.4,12.5,3.08,0,9.6,2.522222222222222,0.3,7.5
2021-05-05,7.45,6.5,8.8,2.89,0.6,8,4.555555555555555,0.3,6.8
2021-05-06,7.26,6.4,8.1,4.8,0.1,15.9,4.055555555555555,0.6,7.9
2021-05-07,6.85,5.7,7.8,2.41,0,8.7,4.488888888888889,2.6,6.3
2021-05-10,19.169999999999998,15.7,22.4,3.5700000000000003,0,16.5,6.411111111111111,0.5,13.5
2021-05-11,15.040000000000001,12,21.1,4.37,0.6,14.2,2.9,0,12.1
2021-05-12,12.28,9.6,13.8,4.5600000000000005,0,15.3,1.4444444444444444,0,4.6
2021-05-14,11.57,8.7,13.9,0.89,0,3,5.088888888888889,0,10
2021-05-17,11.65,10.8,13.7,3.71,0.3,9.5,4.9875,1.9,8.7
2021-05-18,11.2,10.2,12.2,2.16,0,6,3.75,1.2,5.2
2021-05-19,10.72,9.1,12.7,2.64,0,9.9,6.711111111111111,3.2,11.4
2021-05-20,11.83,10.5,13.6,0.64,0,3.1,5.511111111111111,2.6,9.5
2021-05-21,13.04,11.1,15.2,3.91,0,15.6,4.0777777777777775,0.2,7.4
2021-05-25,10.68,9.3,12.6,4.32,0,8.8,4.711111111111111,0.9,10.1
2021-05-26,10.870000000000001,10.1,12.4,5.08,0.1,15.4,2.533333333333333,0.1,4.7
2021-05-27,10.91,10.3,11.8,3.05,0,5.7,2.6,0,5.8
2021-05-28,12,10.5,14,0.49,0,3.8,5.888888888888889,1.7,11.2
2021-05-31,15.14,12.6,17.1,0,0,0,14.777777777777777,13.1,15.7
2021-06-01,16.86,14.8,18.9,0.02,0,0.2,13.033333333333333,7.5,15.5
2021-06-02,18.63,16.7,21,0.030000000000000002,0,0.2,12.866666666666667,8.7,15
2021-06-03,19.9,18.7,21,3.51,0,22.2,8.066666666666666,3,14.5
2021-06-04,20.17,18.9,21.1,3.75,0,14.3,6.444444444444445,0.7,12.4
2021-06-07,17.87,15.6,20.9,2.63,0,16.3,4.222222222222222,0,15.1
2021-06-08,18.96,17.8,21.4,4.25,0,24.7,7.855555555555555,2.7,11.7
2021-06-09,19.63,17.9,21.8,0.13,0,1.2,10.78888888888889,5.8,14.2
2021-06-10,19.77,17.3,22.6,4.25,0,33.5,11.322222222222223,6.9,14.7
2021-06-11,20.61,18.7,23.1,0,0,0,11.8,9.4,14.2
2021-06-14,19.35,17.5,21,0,0,0,15.244444444444444,14.7,15.7
2021-06-15,20.01,16.1,22.8,0,0,0,11.644444444444444,4.2,15.1
2021-06-16,22.5,19.9,25,0,0,0,14.11111111111111,12.1,15.3
2021-06-17,26.240000000000002,23.8,28.1,0,0,0,14.911111111111111,13.7,15.7
2021-06-18,26.36,24.6,28.6,0.02,0,0.2,12.955555555555556,10.1,15.8
2021-06-21,20.09,14.3,25.9,8.28,0,35.4,6.266666666666667,0,12.8
2021-06-22,16.84,14.5,20,7.359999999999999,0,46.4,3.6444444444444444,0,7.8
2021-06-23,17.59,15,19.6,8.129999999999999,0,45.9,3.777777777777778,0,10.3
2021-06-24,17.43,16.1,18.2,3.37,0,12.1,5.1000000000000005,0,12.3
2021-06-25,17.8,16.5,20.4,1.85,0,6.4,6.822222222222222,2.3,12.9
2021-06-28,23.04,21.7,25.3,8.27,0,60.9,10.277777777777779,6.3,13.5
2021-06-29,19.78,17.6,24.1,20.34,1.8,56.2,4.4,0.5,8.6
2021-07-01,15.15,13.7,17.4,3.41,0.2,9.9,0.7888888888888889,0,4.2
2021-07-02,17.39,15.9,19.9,0.26,0,2.6,7.177777777777778,2,10.9
2021-07-05,18.39,17.4,20.5,1.16,0,3.8,3.8,0.3,7
2021-07-06,20.35,18.5,23.5,7.43,0.1,22.4,7.288888888888889,2.7,12.6
2021-07-07,18.74,17.3,20.3,1.72,0,6.1,4.611111111111111,0,9.6
2021-07-08,18.5,16.9,20.6,8.8,0.2,21.6,2.522222222222222,0.6,7.4
2021-07-09,17.46,15.5,19.2,4.83,0,18.3,1.8,0,4
2021-07-12,20.57,19.1,22.3,2.75,0,10.1,8.877777777777778,5.7,14.1
2021-07-13,20.22,16.6,24.3,8.7,0.1,31,4.633333333333333,0,11.9
2021-07-14,18.75,15.8,22.7,16.830000000000002,0,106.9,2.6666666666666665,0,4.8
2021-07-15,19.04,15.9,22.5,1.85,0,6.5,3.9555555555555557,0.3,8.9
2021-07-16,19.82,17.8,23.6,2.63,0,19.8,6.788888888888889,0,12.5
2021-07-19,18.47,16.3,21.1,0,0,0,5.3,0.3,12.5
2021-07-20,17.77,16.3,19.2,0.04,0,0.4,8.211111111111112,1.8,13.6
2021-07-21,18.580000000000002,17.5,19.7,0.06,0,0.6,8.6,1,14.8
2021-07-22,19.37,16.6,20.8,0.02,0,0.1,8.722222222222223,1.5,14.4
2021-07-23,19.72,15.6,22.2,0.01,0,0.1,9.3,0,14.2
2021-07-26,20.84,18.1,24.3,3.25,0,18.1,5.9,4.3,9.1
2021-07-27,20.53,18.4,23.7,2.82,0,13.2,7.677777777777778,1.7,12
2021-07-28,19.35,18.5,21.7,2.58,0,10.1,4.155555555555556,1.5,6.5
2021-07-29,19.05,17.3,20.8,0.02,0,0.2,9.177777777777777,3.9,12.4
2021-07-30,20.05,18.4,21.7,1.18,0,4,10.9,7,14.2
2021-08-02,16.16,15,17.6,1.68,0,4.4,4.311111111111111,0.2,9
2021-08-03,16.12,14.3,17.8,1.8,0,5.5,4.444444444444445,0.5,8.3
2021-08-04,16.75,15.1,18.5,3.12,0,17.4,3.1777777777777776,0.1,7.1
2021-08-05,17.7,15.8,19.2,4.35,0,12.3,4.566666666666666,0.9,7.8
2021-08-06,18.06,17.2,19.9,5.3,0,14.6,5.233333333333333,1.8,8.4
2021-08-09,17.43,15.9,18.7,3.5100000000000002,0,15.8,7.5777777777777775,2.3,12.2
2021-08-10,17.9,15.1,20.5,2.98,0,10,6.533333333333333,2.7,12.9
2021-08-11,18.99,17.1,21.5,0,0,0,9.644444444444444,6.9,12.2
2021-08-12,20.8,19.7,22.5,0,0,0,10.833333333333334,5.7,13.4
2021-08-13,21.93,19.3,25,0.44,0,4,9.122222222222222,7.2,11.8
2021-08-16,17.44,15.3,19.6,6.48,1.8,20.5,3.088888888888889,0.7,6
2021-08-17,14.36,13.4,15.3,3.18,0,10.4,2.577777777777778,0.1,9.1
2021-08-18,16.35,15.5,17.5,0.35000000000000003,0,1.6,1.1333333333333333,0,3.2
2021-08-19,17.72,16.3,19.2,0.56,0,4.2,0.8222222222222222,0,3.7
2021-08-20,18.03,15.7,19.8,0.63,0,4.1,4.455555555555556,2.3,7.8
2021-08-23,16.56,14.6,17.7,2.81,0,15.9,3.7,0,12.8
2021-08-24,15.469999999999999,14.2,16.9,0,0,0,7.5777777777777775,0.4,12.8
2021-08-25,15.56,14.4,17.7,1.33,0,3.5,9.133333333333333,2.4,13
2021-08-26,14.86,13.4,16.9,4.05,0.1,9.8,2.3777777777777778,1,4.9
2021-08-27,14.09,12.1,15.1,7.08,1.1,21.4,2.466666666666667,0.7,4.4
2021-08-30,15.72,13.3,17.4,4.28,0,15.8,1.8222222222222222,0,3.7
2021-08-31,15.49,14.2,16.7,0.6,0,3.5,5,1.5,11.7
2021-09-01,15.06,13.6,16.8,0,0,0,6.0777777777777775,0,11
2021-09-02,15.6,14.6,17.6,0,0,0,9.877777777777778,0,12.9
2021-09-03,16.52,14.1,18.7,0,0,0,11.61111111111111,8,12.9
2021-09-06,17.09,14.4,20.4,0,0,0,10.044444444444444,5.5,12.5
2021-09-07,17.55,16.2,20.1,0,0,0,7.988888888888889,6.6,9.4
2021-09-08,18.59,17.2,20.2,0,0,0,12.166666666666666,11.3,12.7
2021-09-09,20.07,19,21.2,2.69,0,6.9,10.411111111111111,7.7,12.3
2021-09-10,19.78,18.4,20.6,6.02,0.1,12.5,5.811111111111111,1,10.6
2021-09-13,16.53,14.7,18.2,0,0,0,7.0777777777777775,0.2,10.9
2021-09-14,18.33,15.7,19.9,0.21,0,1.4,9.266666666666667,6.4,11.1
2021-09-15,18.69,16.4,19.6,6.7299999999999995,0.5,11.6,1.0222222222222221,0,3.5
2021-09-16,16.31,15.4,17.7,1.41,0,5.4,1.0999999999999999,0,2.3
2021-09-17,14.7,13.3,16.3,0.01,0,0.1,2.577777777777778,0.1,4.8
2021-09-20,12.5,10.8,13.8,0.01,0,0.1,0.8111111111111111,0,2.3
2021-09-21,12.3,10.9,13.5,0.33,0,1.1,3.3111111111111113,0.2,9.8
2021-09-22,12.53,10.7,14.1,0,0,0,7.266666666666667,2.3,10.6
2021-09-23,14.66,13.7,15.8,0.46,0,2.2,7.288888888888889,0.2,11.9
2021-09-24,15.59,14.7,17.3,0.03,0,0.3,3.9555555555555553,0.4,11.7
2021-09-27,17.44,16.2,18.4,1.8499999999999999,0,7.1,3.3444444444444446,0.1,6.9
2021-09-28,13.98,12.6,15.7,0.08,0,0.3,4.7555555555555555,0,9.3
2021-09-29,12.9,11.4,14.7,5.38,0,15,2.977777777777778,1.1,5.3
2021-09-30,11.14,9.7,12.2,0.01,0,0.1,7.311111111111111,4.7,10.8
2021-10-01,12.86,11.3,14.1,0.75,0,3.4,8.322222222222223,4.5,11
2021-10-04,13.209999999999999,12.2,14.8,2.05,0,11.3,2.444444444444444,0,5.8
2021-10-05,12.48,11.1,13.1,2.87,0,6.2,1.577777777777778,0,4.4
2021-10-06,11.74,10.6,13.2,1.2999999999999998,0,4.1,2.8111111111111113,0,5.5
2021-10-07,11.24,9.8,12.2,0.06999999999999999,0,0.6,5.377777777777778,0,10.6
2021-10-08,10.88,9.7,11.9,0.01,0,0.1,7.1000000000000005,1.4,10.3
2021-10-11,8.77,6,11.7,2.79,0.3,8.3,5.0777777777777775,1.3,9.3
2021-10-12,8.709999999999999,7.5,9.7,4.8,0,14.9,2.2666666666666666,0,7.1
2021-10-13,7.6,6.1,8.9,0.62,0,3.2,3.6666666666666665,1.9,6.6
2021-10-14,10.2,7.4,12.6,0.8,0,2.4,1.0666666666666667,0,8.7
2021-10-15,9.93,7.5,11.2,1.92,0,8,4.7555555555555555,1.3,9.9
2021-10-18,9.82,7.6,11.9,0.8,0,3.7,3.8222222222222224,0.2,6.4
2021-10-19,12.040000000000001,8.8,14,0.9500000000000001,0,4.4,0.6555555555555556,0,3.3
2021-10-20,15.23,13.4,16.8,5.42,0,16,3.022222222222222,0,7.6
2021-10-21,11.74,9.7,13.7,4.9,0.5,14.4,2.911111111111111,0.1,6.9
2021-10-22,7.61,7,8.4,2.8600000000000003,0,18.6,3.6777777777777776,0,9.7
2021-10-25,7.57,5.7,10.1,0.54,0,3.1,4.688888888888889,1.4,7.3
2021-10-26,10.23,7.6,12.2,0.07,0,0.4,1.6444444444444444,0.3,4.1
2021-10-27,10.84,7,13.5,0,0,0,3.344444444444444,0,9.7
2021-10-28,9.25,6.3,12.5,0,0,0,7.533333333333333,0,9.4
2021-10-29,8.98,4.3,12.9,0.32,0,3.2,6.333333333333333,2.7,9.2
2021-11-01,9.79,8.1,11.4,4.89,0,22.4,2.1666666666666665,0,7.6
2021-11-02,7.66,6.6,9.5,1.59,0,5.3,2.3444444444444446,0.1,5.6
2021-11-03,6.82,5.8,8.2,4.39,0,8.2,1.4555555555555557,0,5.9
2021-11-04,6.7,5.1,7.9,7.82,0,38.6,0.11111111111111112,0,0.8
2021-11-05,7.3100000000000005,5.5,8.7,0.68,0,5.9,0.8222222222222222,0,3.3
2021-11-08,7.18,4.8,8.8,0.3,0,1.7,2.022222222222222,0.1,8.2
2021-11-09,6.36,3,8.5,0,0,0,7.533333333333333,2.1,9.1
2021-11-10,4.41,2.1,7,0.06,0,0.6,4.066666666666666,1.9,7.2
2021-11-11,4.2299999999999995,1.1,9.2,0.11,0,0.8,4.822222222222222,0,8.1
2021-11-12,4.2700000000000005,1.1,7.8,0.44,0,1.4,2.1,0,6.7
2021-11-15,6.05,4.3,7.4,0,0,0,0.011111111111111112,0,0.1
2021-11-16,5.4,4.1,6.2,0.05,0,0.3,0.17777777777777776,0,1.4
2021-11-17,5.52,4.2,6.4,0.4,0,2.2,0.07777777777777778,0,0.6
2021-11-18,7.12,5.2,8.8,0.5,0,3.1,1.4555555555555555,0,5
2021-11-19,8.71,3.3,12.3,0.16,0,0.4,1.3555555555555554,0,6.6
2021-11-22,3.74,2.9,5.2,0.5599999999999999,0,2.8,3.4444444444444446,0,7.7
2021-11-23,3.09,-1.1,7.5,0.32,0,1.4,2.677777777777778,0,8.5
2021-11-24,3.84,-1.3,6.9,0.03,0,0.3,1.5999999999999999,0,7.6
2021-11-25,2.48,-0.9,5.1,0.43,0,3.1,0.3555555555555555,0,2.3
2021-11-26,2.75,-0.4,4.4,1.54,0,4,0.3,0,2.6
2021-11-29,1.53,-0.2,2.6,1.94,0.6,7.1,0.5555555555555556,0,1.7
2021-11-30,4.01,1.7,7,5.26,0.7,11.9,0.07777777777777778,0,0.5
2021-12-01,6.83,5.9,8,2.51,0.3,5.6,0.2777777777777778,0,1.4
2021-12-02,2.65,0.5,4.1,1.44,0,4.3,1.7,0,5.3
2021-12-03,1.23,-0.2,2.8,1.95,0.3,4.9,2.588888888888889,0,7.4
2021-12-06,1.27,-0.4,3.2,2.71,0,8.8,1.0777777777777777,0,5.3
2021-12-07,1.81,-0.4,4,1.08,0,5.5,2.2555555555555555,0,5.5
2021-12-08,2.12,-0.1,5.5,1.81,0,8.3,0.37777777777777777,0,1.6
2021-12-09,1.67,-1.1,3.4,1.34,0,4.4,0.4888888888888889,0,2.3
2021-12-10,1.62,-0.2,3.2,0.95,0,3.9,1.5333333333333334,0,4.4
2021-12-13,6.98,4.2,9.3,0.52,0,1.9,0,0,0
2021-12-14,6.3999999999999995,3.2,8.1,0.28,0,0.8,0.4111111111111111,0,1.9
2021-12-15,7.12,3.7,9.7,0.05,0,0.2,0.011111111111111112,0,0.1
2021-12-16,6.55,3,8.4,0.09,0,0.6,0.2111111111111111,0,1.6
2021-12-17,5.67,3.2,7.7,0.03,0,0.3,1.288888888888889,0,7.2
2021-12-20,1.3800000000000001,-0.8,3.8,0.030000000000000002,0,0.2,4.655555555555556,0,7.5
2021-12-21,-2,-3.8,0.7,0,0,0,4.855555555555555,0,7.8
2021-12-22,-2.62,-4.6,-0.4,0,0,0,4.8,0.4,7.6
2021-12-23,0.19999999999999998,-1.3,2.9,4.47,0,11.9,0.24444444444444446,0,1.8
2021-12-27,2.23,-3.9,6.5,2,0,5.7,0.9888888888888889,0,3.5
2021-12-28,5.3,-0.5,8.7,8.71,1.5,16.7,0.6444444444444445,0,3.1
2021-12-29,7.12,3.1,9.7,4.2,0.1,11,0.3222222222222222,0,2.3
2022-01-04,7.1,5.6,10.5,9.92,1.7,18.8,0.1111111111111111,0,1
2022-01-05,3.17,1.9,4.1,1.6800000000000002,0.1,6.2,1.2888888888888888,0,4.8
2022-01-06,1.57,0.4,3.5,0.28,0,1.5,3.8,0.4,6.8
2022-01-07,1.06,-1.2,3.4,3,0.5,17.9,0.7555555555555555,0,3.6
2022-01-10,2.23,1.1,3.6,0.02,0,0.1,1.8666666666666667,0,6.8
2022-01-11,0.77,-2.3,3.4,0.03,0,0.3,1.9444444444444444,0,5.4
2022-01-12,1.02,-2.5,4.5,0.03,0,0.3,1.4666666666666666,0,8.1
2022-01-13,2.07,-1.8,6.2,0,0,0,2.8555555555555556,0,7.8
2022-01-14,2.16,-0.7,6.2,0.06,0,0.3,3.188888888888889,0,8.5
2022-01-17,4.53,2.8,6.4,1.41,0,4.9,0.4,0,1.1
2022-01-18,4.44,1.9,6.4,0.01,0,0.1,0.48888888888888893,0,1.6
2022-01-19,3.1,1.7,4.3,0.95,0,2.9,2.7333333333333334,0,7.1
2022-01-20,1.83,0.7,3.4,1.02,0.1,3,1.6,0.4,2.7
2022-01-21,1.22,-0.9,3.1,1.23,0,3.7,2.488888888888889,0,7.2
2022-01-24,3.49,-0.2,5.3,0.02,0,0.2,1.2,0,7
2022-01-25,1.89,-1.4,4.3,0.19,0,1.4,1.5666666666666667,0,8.5
2022-01-26,1.3900000000000001,-1.7,3.6,0.18,0,1.4,0.9444444444444444,0,8.5
2022-01-27,3.23,-0.2,6,1.32,0.4,3.1,1.1777777777777778,0,8.6
2022-01-28,4.13,2.2,5.2,0.67,0,2.1,2.7444444444444445,0,6.4
2022-01-31,3.04,1.3,5,3.87,0.4,9,0.12222222222222223,0,0.8
2022-02-01,3.6999999999999997,1.4,5.7,2.5300000000000002,0.1,4.4,0,0,0
2022-02-02,5.68,3.8,7.9,1.33,0.1,3.9,1.9333333333333333,0.2,4.3
2022-02-03,5.95,3.5,7.4,1.25,0,4.4,0.41111111111111115,0,2.6
2022-02-04,6.1,4.9,6.6,2.22,0.3,7.7,0.6111111111111112,0,3
2022-02-07,3.66,1.7,5.2,0.38,0,1.3,2.588888888888889,0.3,5.6
2022-02-08,6.24,4.2,8.5,1.18,0,8.1,0.7111111111111111,0,3.3
2022-02-09,7.81,5.4,9,0.54,0,3.2,2.6222222222222222,0,9.7
2022-02-10,5.93,4.1,7.5,3.46,0,9.9,2.5444444444444443,0,7.7
2022-02-11,3.35,2.5,4.3,0.62,0,3,2.3000000000000003,0.4,4.7
2022-02-14,7.470000000000001,4.5,9.3,0.45,0,3,3.933333333333333,1.9,9
2022-02-15,6.46,4.8,7.4,2.61,0,8.4,1.8444444444444446,0,3.9
2022-02-16,8.61,6.5,11.3,6.38,0.8,17.3,0.08888888888888888,0,0.7
2022-02-17,9.27,7.2,11,2.71,0,15.3,3.111111111111111,0,7.3
2022-02-18,8.41,6.2,10.1,3.32,0.2,14.5,0.7444444444444445,0,2.4
2022-02-21,5.73,4.7,6.6,3.17,0.5,8.1,1.722222222222222,0.2,4.1
2022-02-22,5.93,4.8,7.1,2,1.4,3.1,1.8444444444444446,0,4.5
2022-02-23,6.63,5.6,7.8,0,0,0,7.911111111111111,4.8,9.6
2022-02-24,6.57,5.1,7.5,1.98,0.3,4.5,2.933333333333333,0.6,8.1
2022-02-25,3.41,2.3,4.4,1.6,0,4.3,3.411111111111111,1.1,6.2
2022-02-28,2.71,0.2,6.1,0,0,0,9.666666666666666,7,10.6
2022-03-01,2.65,0.4,5.8,0,0,0,7.4,1.8,10.7
2022-03-02,2.81,0.6,5.7,0,0,0,6.733333333333333,1.1,9.8
2022-03-03,2.27,-0.4,5.2,0,0,0,8.377777777777778,1.5,10.5
2022-03-04,1.72,-0.4,3.9,0.01,0,0.1,6.711111111111111,0,10.8
2022-03-07,1.1400000000000001,-1,3.2,0,0,0,8.5,3.2,10.5
2022-03-08,3.03,0.9,5.2,0,0,0,10.655555555555555,10.2,11.1
2022-03-09,4.78,2.4,7.5,0,0,0,10.844444444444445,10.4,11.3
2022-03-10,6.04,3.1,9.3,0,0,0,10.811111111111112,9.8,11.3
2022-03-11,5.26,2.2,9.8,0,0,0,10.644444444444444,10,11.2
2022-03-14,7.75,4.7,9.4,1.17,0,4.8,4.688888888888889,0,10
2022-03-15,6.77,5,8.5,3.08,0,10.7,0.9222222222222223,0,4.5
2022-03-16,7.54,6.5,8.6,0.2,0,1.2,5.477777777777778,0.5,10
2022-03-17,7.62,5.9,9.2,0.9500000000000001,0,2.7,0.6666666666666666,0,3.5
2022-03-18,7.29,5.6,8.6,0,0,0,7.844444444444444,3,11
2022-03-21,8.57,6,12,0,0,0,10.61111111111111,9.9,11.5
2022-03-22,9.63,7,12.8,0,0,0,11.355555555555556,10.5,12
2022-03-23,9.61,7.3,10.8,0,0,0,11.577777777777778,11.2,12
2022-03-24,9.459999999999999,7.6,11.7,0,0,0,11.288888888888888,10.4,12
2022-03-25,9.61,8.1,12.8,0,0,0,11.088888888888889,9.6,11.8
2022-03-28,10.61,6.4,14.3,0.06,0,0.5,8.633333333333333,0,11.8
2022-03-29,9.43,6.3,13.2,0.34,0,0.9,4.477777777777778,1.6,9.7
2022-03-30,7.04,3.9,10.2,3.13,0,8.4,1.6333333333333333,0,7.6
2022-03-31,4.58,2,7.7,5.04,0,13.6,1.211111111111111,0,5.5
2022-04-01,2.16,1.2,3.7,3.9,0,10,0.5,0,4.5
2022-04-04,3.79,2,5,4.67,0.1,12.3,4.222222222222222,0,11.2
2022-04-05,7.529999999999999,5.1,10.2,4.5,0.1,12.6,0.47777777777777775,0,1.9
2022-04-06,10.52,8.9,11.8,0.9700000000000001,0,4.4,1.8666666666666667,0,7.4
2022-04-07,10.06,7.8,11.7,7.61,1.3,13,2.966666666666667,1.2,5.6
2022-04-08,6.35,5.2,9.5,8.39,0,33.1,1.9111111111111112,0.3,7.7
2022-04-13,14.73,13.3,17,1.25,0,8.2,8.4,5,11.6
2022-04-14,13.7,11.5,15.7,0.97,0,4.2,6.933333333333333,2.6,12.6
2022-04-19,9.92,6.8,12.5,0,0,0,11,6,13.4
2022-04-20,9.39,4.6,12.3,0.17,0,1.5,10.366666666666667,0,13.5
2022-04-21,10.07,7.3,11.8,0.08,0,0.7,5.877777777777777,0,11.1
2022-04-22,11.06,9.5,13,0,0,0,7.644444444444444,0.6,12.1
2022-04-25,9.57,8.3,10.7,4.08,0,13.6,4.522222222222222,0.5,13.4
2022-04-26,9.48,8.5,11.5,4.09,0,10,5.188888888888889,0,10.6
2022-04-27,10.16,8,12.1,0,0,0,8.177777777777777,1.6,13.2
2022-04-28,10.92,7.9,14.2,0,0,0,11.555555555555555,7.4,13.8
2022-04-29,11.290000000000001,7.7,14.6,0.37,0,2.5,8.3,0.8,12.2
2022-05-02,12.67,10.5,14.8,0.04,0,0.3,10.133333333333333,7.6,12.4
2022-05-03,12.47,7.9,16.3,2.86,0,23.3,9.177777777777777,4.4,13.1
2022-05-04,12.39,8.2,15.3,1.15,0,6.6,8.555555555555555,2.5,12.5
2022-05-05,12.84,9.6,14.5,1.21,0,7.2,7.344444444444444,2.5,13.2
2022-05-06,13.63,11.8,15.6,0.19,0,1.9,7.2444444444444445,0,13
2022-05-09,15.72,13.9,18,0,0,0,13.144444444444444,10.9,14.5
2022-05-10,18.39,16.2,20.2,0.49,0,3.6,8.28888888888889,4,12
2022-05-11,20.45,15.3,22.8,0.66,0,3.3,10.144444444444444,4.9,14.1
2022-05-12,17.47,13.7,21.4,1.27,0,10.4,8.477777777777778,6,10.6
2022-05-13,15.2,12.3,17.2,4.37,0,43.1,7.144444444444445,1.6,11.9
2022-05-16,18.06,16.9,18.7,4.68,0.2,10.4,7.822222222222222,3.7,12.3
2022-05-17,17.86,15.6,19.3,0.67,0,3.5,6.7555555555555555,0.8,14.4
2022-05-18,20.67,18.3,23.5,0,0,0,12.177777777777777,8.2,14.8
2022-05-19,21.240000000000002,20.4,22.3,4.68,0,11,10.566666666666666,7,13.8
2022-05-20,19.75,15.6,24.9,4.35,0,9.7,8.411111111111111,2.6,13.1
2022-05-23,17.89,17,19.1,6.91,0,25.1,6.8,2.1,13.2
2022-05-24,15.66,13.9,18.8,2.68,0,10.5,3.5,0,4.6
2022-05-25,15.39,13.8,16.7,0.61,0,3.6,7.966666666666667,4.9,9.6
2022-05-27,14.57,12.1,16.8,2.69,0.1,8,6.644444444444444,3.6,9.6
2022-05-30,11.34,10.2,12.4,0.02,0,0.2,6.3,1.1,14.5
2022-05-31,13.83,11.9,15.3,1.09,0,4.7,7.488888888888889,3,10.6
2022-06-01,14.4,11.4,17,2.67,0,12.1,7.733333333333333,2.7,11.3
2022-06-02,14.75,11.5,17.3,0.08,0,0.5,11.122222222222222,6.9,15.1
2022-06-03,18.1,14.6,19.7,2.94,0,14.1,11.466666666666667,6.7,15.4
2022-06-07,16.68,14.3,19.2,2.54,0,7.9,3.8,1.4,7.4
2022-06-08,17.22,15.6,20.6,4.28,0,19.8,5.911111111111111,1.8,9.3
2022-06-09,16.07,14,18.6,1.8900000000000001,0,9.4,3.9333333333333336,0.3,6.9
2022-06-10,17.66,16,19.8,0.07,0,0.4,9.977777777777778,2.9,14.8
2022-06-13,16.52,13.4,19,0.62,0,5.2,9.78888888888889,8.2,13.2
2022-06-14,16.3,13.9,19.3,0,0,0,11.644444444444444,5.3,15
2022-06-15,19.9,16.4,23.2,0,0,0,14.177777777777777,11.5,15.5
2022-06-16,19.990000000000002,16,23.2,0.01,0,0.1,12.1,8.3,13.8
2022-06-17,20.54,18.2,22.8,0,0,0,11.911111111111111,4.9,15.1
2022-06-20,17.05,13.7,24.1,2.11,0,6.8,6.2555555555555555,2.5,10.7
2022-06-21,17.65,15.8,20,0.16999999999999998,0,1.7,11.6,7.7,15.1
2022-06-22,20.23,16.3,22.8,0.05,0,0.5,10.588888888888889,0.2,16.1
2022-06-23,23.509999999999998,21.1,25.2,3.39,0,13.8,14.511111111111111,12.4,16.1
2022-06-24,21.12,18.5,25.4,6.111111111111112,0,17.6,6.444444444444445,3,11.1
2022-06-27,20.38,16.4,28.1,4.37,0,16.9,5.822222222222222,0,12.1
2022-06-28,19.509999999999998,18.1,21.4,0.16999999999999998,0,1.7,9.38888888888889,2.3,14.4
2022-06-30,22.740000000000002,21,25.2,5.97,0,31.4,10.855555555555556,7.7,15
2022-07-01,16.7,14.7,19.5,2.36,0,9.3,3.611111111111111,1,7.5
2022-07-04,20.05,17,21.8,1.25,0,12.5,11.188888888888888,5.8,15.1
2022-07-05,19.5,16.1,22,0.44,0,3.7,11.11111111111111,8.4,14.7
2022-07-06,17.6,15.5,20.5,2.38,0,9.7,8.011111111111111,2.8,13.7
2022-07-07,16.38,14.4,18.3,2.75,0.2,6.9,1.3444444444444446,0.3,2.7
2022-07-08,16.89,15.2,18.7,0.06,0,0.6,7.2555555555555555,1.7,13.8
2022-07-11,17.37,15.9,20.1,0.05,0,0.3,5.711111111111111,0.2,13.4
2022-07-12,19.9,18.2,22.1,0,0,0,12.022222222222222,7.3,14.8
2022-07-13,23.07,20.9,25.6,0,0,0,6.5,2.9,11.8
2022-07-14,20.76,15,26.5,0.08,0,0.5,8.266666666666666,2.8,12.7
2022-07-15,17.580000000000002,14.5,21.3,0.33999999999999997,0,2.3,8.555555555555555,2.6,14.7
2022-07-18,22.9,20.4,25.5,0,0,0,13.088888888888889,8.9,15
2022-07-19,26.78,24.9,28.6,0,0,0,14.755555555555556,13.9,15
2022-07-20,27.44,24.6,30,3.99,0,10.4,12.577777777777778,9.6,14.8
2022-07-21,21.6,18.6,24.8,2.09,0,8.2,4.777777777777778,0.9,10.1
2022-07-22,20.96,16.8,25.1,1.15,0,4.2,7.733333333333333,0.1,14.3
2022-07-25,25.35,23,27.3,5,0,22.5,9.822222222222223,5.8,14
2022-07-26,20.01,16.8,22.6,0.81,0,2.7,4.988888888888889,2.5,8.7
2022-07-27,17.82,15.1,20.9,0,0,0,7.088888888888889,3.9,10.9
2022-07-28,19.13,14.9,21.9,0.33999999999999997,0,2,10.744444444444444,5,14.6
2022-07-29,20.78,18.5,23,1.18,0,6,6.544444444444444,3.2,9.1
2022-08-01,20.900000000000002,17.6,23.8,1.74,0,13.2,5.788888888888889,1.5,9.7
2022-08-02,21.58,18.4,24,0,0,0,11.444444444444445,9.8,13.1
2022-08-03,25.44,24.3,27,0,0,0,14.133333333333333,13.5,14.6
2022-08-04,27.009999999999998,23.8,29.7,2.49,0,7.4,11.588888888888889,7.1,14.5
2022-08-05,21.85,16.4,25.8,4,0,25,6.7,1.8,12.5
2022-08-08,20.06,17,23.3,0,0,0,11.866666666666667,5.8,14.2
2022-08-09,21.34,18.2,24.6,0,0,0,12.422222222222222,8.2,14.6
2022-08-10,22.17,20.1,25,0,0,0,13.455555555555556,9.8,14.6
2022-08-11,22.92,20.6,25.1,0,0,0,13.777777777777779,13.2,14.5
2022-08-12,22.69,19.2,24.7,0,0,0,13.2,11.7,14.4
2022-08-15,22.77,21.3,24,3.311111111111111,0,20.4,5.233333333333333,1.1,10.2
2022-08-16,23.08,21.2,24.3,0,0,0,9.5,4.9,12.5
2022-08-17,23.4,21.4,26.3,0.54,0,2.2,7.555555555555555,2.8,11.6
2022-08-18,21.8,19.5,25.7,1.73,0,12.9,5.111111111111112,2.5,6.7
2022-08-19,20.44,18.5,24.4,7.56,0,27.2,3.4666666666666663,0.1,11.2
2022-08-22,20.14,16.8,23.9,0.52,0,5.2,7.333333333333333,0.7,12.7
2022-08-23,21.48,17.8,24.7,0,0,0,10.044444444444444,0.1,13.3
2022-08-24,22.6,19.4,25.5,0,0,0,11.077777777777778,5.1,13.2
2022-08-25,23.27,21.5,25.8,0,0,0,10.333333333333334,6,12.9
2022-08-26,21.86,20.3,24.8,6.4,0,19.6,4.877777777777777,0,8.2
2022-08-29,18.31,16.8,20.5,0,0,0,9.088888888888889,3.4,12.7
2022-08-30,19.41,16.6,22.5,1.88,0,11.7,8.811111111111112,5.3,12.4
2022-08-31,17.89,15.9,20.6,0.73,0,3.7,5.4111111111111105,0.1,12.7
2022-09-01,17.61,15.4,20.1,0,0,0,8.722222222222221,3.3,12.2
2022-09-02,17.85,15.7,20.7,0,0,0,9.977777777777778,5.4,12.6
2022-09-05,20.59,18.5,23.7,0.1,0,0.5,9.355555555555556,4.1,12.4
2022-09-06,20.3,17.3,24,2.62,0,11.3,7.066666666666666,2,11.9
2022-09-07,20.14,18,21.8,3.09,0,10.9,6.644444444444444,3.4,8.3
2022-09-08,17.21,14.6,18.7,8.209999999999999,0.4,23.2,2.7,0,5.5
2022-09-09,16.64,15.3,17.6,4.15,0,15.6,4.366666666666666,1.6,7.5
2022-09-12,16.52,14.8,18.7,0.31,0,1.9,8.8625,3.2,12.4
2022-09-13,17.72,15.3,20.5,6.57,0,20.1,5.675,1.8,8.8
2022-09-14,16.69,14.2,20.5,10.54,0,27.9,1.675,0,4.1
2022-09-15,15.049999999999999,13.2,17.4,2.18,0,9.1,1.9000000000000001,0.4,5.4
2022-09-16,12.65,11.7,13.8,6.25,0.3,21.3,3.8,0,6.6
2022-09-19,10.82,9.5,12.1,4.62,0.1,14.4,3.475,0.9,7.7
2022-09-20,10.69,9.4,12.5,1.13,0,5.5,4.8875,3,10.2
2022-09-21,10.16,8.1,12.2,0.03,0,0.3,9.275,4.1,11.2
2022-09-22,10.75,8.6,12.5,0,0,0,10.2125,7.6,11.9
2022-09-23,11.81,10.1,13.9,0.4,0,4,7.05,3.8,11.1
2022-09-26,11.59,10.2,13.6,7.01,0.7,17.1,2.3,0,6.7
2022-09-27,10.01,9.4,11.2,6.5,1.3,11.4,1.075,0,2.7
2022-09-28,9.03,7.8,10.5,2.12,0,10.2,1.7625,0,4.7
2022-09-29,8.91,7.5,9.8,0.57,0,3.8,4.2375,0,9.9
2022-09-30,10.26,7.5,11.4,2.83,0,9.5,7.3125,2.1,10.1
2022-10-04,11.8,9.3,13.6,0,0,0,7.7250000000000005,4.2,9.3
2022-10-05,14.53,12.4,16.1,0.1,0,0.6,6.475,0,11
2022-10-06,13.73,12.5,14.9,0.02,0,0.2,8.0125,2.5,10.3
2022-10-07,12.040000000000001,10.8,14.1,0.04,0,0.4,8.2125,3.9,10.4
2022-10-10,12.22,10.1,14.1,1.28,0,7.8,5.5625,2.8,7.4
2022-10-11,10.76,8.2,13.9,0,0,0,5,0.4,8.8
2022-10-12,10.34,8.8,12.4,0,0,0,6.55,0,10.3
2022-10-13,11.86,10.6,13.1,1.51,0,8.8,1.2874999999999999,0,4.6
2022-10-14,13.55,12.3,14.1,5.45,0.1,14.9,1.0375,0,4.3
2022-10-17,16.54,14.8,18,4.859999999999999,0,14.2,5.8625,1.3,10
2022-10-18,14.51,13.2,16.4,2.18,0,10.7,3.55,0.1,6.6
2022-10-19,11.26,9.3,14.2,0.01,0,0.1,4.2375,0,8.9
2022-10-20,10.83,8.6,13.4,1.98,0,5.8,4.2625,0,9.3
2022-10-21,13.61,10.8,15.6,4.33,0.1,11.4,1.8875,0.1,4.3
2022-10-24,15.19,14.1,16,2.77,0,8.7,1.5875,0,4.6
2022-10-25,13.34,12.2,13.8,0.31,0,1.1,4.7,1,9.4
2022-10-26,13.71,11.8,15.9,0.06999999999999999,0,0.3,4.95,1.4,8.1
2022-10-27,14.9,13.2,17.8,0.030000000000000002,0,0.2,7.2749999999999995,2.8,9.7
2022-10-28,16.73,14.5,19.4,0,0,0,4.9875,1.9,7.7
2022-11-01,13.42,12.2,14.8,0.09999999999999999,0,0.7,4.1375,1.1,8
2022-11-02,10.92,8.9,12.8,0.01,0,0.1,5.35,2.9,7.1
2022-11-03,9.7,7.8,12,1.68,0,5.1,3.025,0.2,7.3
2022-11-04,9.53,7.9,10.5,4.75,0,21.1,1.25,0,4.2
2022-11-07,11.37,9.9,12.7,0.03,0,0.3,2.375,0.1,7.7
2022-11-08,11.51,8.4,14,0.98,0,5.8,4.5625,0.9,8.2
2022-11-09,12.09,10.1,13.6,1.9,0,7.9,2.775,0.3,4.6
2022-11-10,10.45,8.6,12.1,0,0,0,5.1625,0.3,8.8
2022-11-11,8.29,5.5,11,0,0,0,5.225,0,7.8
2022-11-14,6.79,5.5,8.6,0.49,0,4.5,3.9,0.1,8.1
2022-11-15,9.42,7.3,12.5,3.85,0,17,4.65,0.8,8.2
2022-11-16,8.29,5.7,11.4,3.25,0,8.5,2.1875,0,6
2022-11-17,7.46,3.9,11,8.19,0.5,18,0.8875,0,2.8
2022-11-18,4.89,-1.2,9,3.17,0,8.1,0.7374999999999999,0,3.3
2022-11-21,2.87,-1.8,6.9,0.81,0,2.6,3.5,0,5.7
2022-11-22,4.28,-0.1,7.2,0.58,0,2.8,1.45,0,3.4
2022-11-23,5.81,2.7,8.6,2.12,0,5,3.3375,0.5,7.7
2022-11-24,6.09,2.3,8.8,1.02,0,2.8,2.15,0,4.9
2022-11-25,5.97,3.7,8.8,1.81,0.2,5.6,2.8625,0,6
2022-11-28,4.92,3.6,7.2,2.86,0,6.5,0,0,0
2022-11-29,5.47,3.9,7.5,1.23,0,5.1,0,0,0
2022-11-30,4.4,2.3,7,0.14,0,1.1,0.775,0,6.2
2022-12-01,3.02,-0.6,5.5,0.16,0,0.6,0.2875,0,1.5
2022-12-02,1.79,-0.3,2.9,0.64,0,2,0,0,0
2022-12-05,3.03,1.3,5.2,2.83,0,11.2,0.175,0,1.4
2022-12-06,2.9,2.2,4,0.45,0,1.1,0.175,0,0.7
2022-12-07,2.9699999999999998,1.8,4.7,0.9600000000000001,0,2.7,0.65,0,2.1
2022-12-08,1.96,0,3.6,0.97,0,4.4,1.55,0,6
2022-12-09,-0.029999999999999985,-1.7,1.8,0.18,0,1.7,0.9,0,3.7
2022-12-12,-2.94,-5.3,-0.6,0.16999999999999998,0,1.7,4.7375,0,6.9
2022-12-13,-4.640000000000001,-7.4,-2.2,0,0,0,4.925,0.1,7.2
2022-12-15,-4.33,-7,-1.4,0.75,0,4.8,2.4,0,6.6
2022-12-16,-3.88,-7.1,-1.8,0.49,0,4.1,1.3,0,6.3
2022-12-19,1.3,-1.5,5.5,2.49,0,6.5,0.1875,0,0.7
2022-12-20,5.89,1.6,10.4,4.34,0,8.4,0.1625,0,0.9
2022-12-21,7.16,2.9,9.5,3.87,0.1,10.9,0.6125,0,2
2022-12-22,8.48,6.9,10,5.27,2.7,15.2,1.2875,0.1,2.8
2022-12-23,8.9,5.7,10.9,10.61,3.9,18.4,0,0,0
2022-12-27,4.1,2.9,5.1,0.49,0,3.1,4.1,0.6,6.9
2023-01-03,6.3,4.9,7.7,1.4,0,4.5,3.25,0,5.8
2023-01-04,8.379999999999999,6.3,11.1,5.78,0.1,18.1,0.3875,0,3
2023-01-05,9.51,7.5,10.8,1.44,0.1,3.9,1.175,0,4.5
2023-01-06,8.91,7,10.8,0.5800000000000001,0,2.7,1.4625,0,5.9
2023-01-09,6.29,5.4,7.5,0.84,0,2.3,0.6125,0,2.2
2023-01-10,5.35,3.4,6.3,2.7600000000000002,0,9.8,1.0375,0,2.2
2023-01-11,7.67,6,9.4,4.33,0.3,8.5,0.9125,0,2.2
2023-01-12,8.68,6.6,10.1,6.16,0,15.8,0.125,0,0.7
2023-01-13,8.33,7.7,9.2,2.6,0.2,7.6,0.8875000000000001,0,2.1
2023-01-16,4.24,3,5.1,1.78,0,5.8,2.3125,0,6.2
2023-01-17,2.06,1.3,2.9,0.82,0,4.6,4.55,2.9,6.4
2023-01-18,-0.17999999999999997,-1.4,1,0.72,0,4.8,3.0875,0,6.5
2023-01-19,-0.08999999999999998,-2,2.1,0.77,0,5.8,1.9625000000000001,0.1,7.7
2023-01-20,1.6653345369377347e-17,-1.4,0.9,0.55,0,2.6,0.75,0,2.5
2023-01-23,1.4000000000000001,-1.3,2.9,0.02,0,0.2,0.225,0,1.8
2023-01-24,1.5,0.1,2.1,0,0,0,0,0,0
2023-01-25,-0.009999999999999998,-1.3,1,0.02,0,0.2,0,0,0
2023-01-26,-0.31,-1.4,1.6,0.15,0,0.7,0,0,0
2023-01-27,1.2,-1.5,3.9,0.06,0,0.3,0.2625,0,1.4
2023-01-30,3.36,0.4,5.8,1.58,0,4.9,0.9625,0.1,2.1
2023-01-31,4.05,2.6,5.5,2.5,0,13.9,0.7,0,2.8
2023-02-01,5.19,3.9,6.9,3.58,0,8.6,0.275,0,1.3
2023-02-02,5.38,2.8,7.8,5.57,0.3,24.3,0.925,0,4.7
2023-02-03,6.97,5.2,9.1,3.11,0.2,7.8,0.1625,0,1.1
2023-02-06,-0.009999999999999998,-3.7,3.6,0.13,0,0.8,1.725,0,3.7
2023-02-07,-1.57,-4.7,1.2,0,0,0,8.775,7.6,9.4
2023-02-08,-1.21,-3.2,1,0,0,0,8.9875,8.2,9.5
2023-02-09,-0.6900000000000001,-3.6,1.8,0.01,0,0.1,7.35,3.2,9.4
2023-02-10,1.6500000000000001,-3,4.7,0,0,0,5.0875,0.1,9.3
2023-02-13,5.43,1,9.3,0,0,0,4.1125,0,9.6
2023-02-14,3.81,0.4,7.1,0,0,0,6.3125,0.7,9.6
2023-02-15,2.78,-0.1,6.2,0,0,0,7.3125,3.4,9.5
2023-02-16,5.46,2.9,7.6,0.62,0,2.6,4.325,0,8.9
2023-02-17,10.459999999999999,9.1,12.4,1.06,0,4.6,0.5,0,1.7
2023-02-20,8.2,6.8,9.5,1.09,0,10.3,4.425,0,9.8
2023-02-21,8.5,7,9.7,0.22,0,1.6,3.7375,0,10.2
2023-02-22,8.05,6.8,8.8,1.1,0,5,3.925,0.1,7.7
2023-02-23,7.82,5.9,10,1.01,0.1,5.1,0.1125,0,0.6
2023-02-24,5.35,3.6,7.7,4.75,0.1,21.8,0.35000000000000003,0,1.1
2023-02-27,-0.06999999999999999,-1.8,1.3,0.01,0,0.1,5.8375,0.6,9.6
2023-02-28,0.75,-1,2.5,0,0,0,8.025,4.1,10.4
2023-03-01,1.57,-0.5,2.7,0,0,0,8.7125,5.8,10.4
2023-03-02,2.59,0.1,5.3,0,0,0,7.05,0,10.5
2023-03-03,2.04,-1.4,3.9,0,0,0,3.2125,0,9.4
2023-03-06,2.43,0.8,4.2,0.98,0,2.8,1.5875,0,5.8
2023-03-07,3.07,1.5,4.8,3.12,0,12.3,2.425,0,9.5
2023-03-08,2.81,0.7,7.4,10.719999999999999,0,33.9,0.4,0,1.5
2023-03-09,5.85,0.6,10.7,4.35,0,12.7,1.725,0,5.4
2023-03-10,6.22,0.6,9.3,6.67,0.6,12.6,1.325,0,3.9
2023-03-13,11.99,10.8,13.4,8.37,2.7,26.4,2.9625,0.2,6.9
2023-03-14,7.9399999999999995,6.4,9.1,5.03,0.8,10.1,1.2125,0.1,3
2023-03-15,2.69,1.4,4.3,0.47,0,1.9,5.3,3.5,8.6
2023-03-16,4.68,1.9,7.5,0,0,0,7.35,3.7,10.9
2023-03-17,9.629999999999999,7.9,12.2,0.44,0,3.4,7.65,5.5,9.8
2023-03-20,9.32,8.1,10.6,0.18,0,1.3,0.4875,0,2.3
2023-03-21,10.09,9,11.1,1.46,0,3.7,2.35,0,8
2023-03-22,12.05,11.1,13.5,0.95,0,4.3,4.514285714285714,0.4,11.3
2023-03-23,12.9,11.1,14.3,3.9099999999999997,0.1,17.2,1.1285714285714286,0.1,3
2023-03-24,12.129999999999999,11.3,13.1,3.45,1.1,6.9,2.9,0.1,4.9
2023-03-27,3.25,2.4,4.7,1.36,0.1,3.2,5.671428571428572,2.2,7.8
2023-03-28,3.86,2.4,5.6,0.26,0,1.1,7,4.5,10
2023-03-29,8.79,5.3,10.8,1.13,0,8.5,0.7,0,2.5
2023-03-30,12.23,10.9,13.6,6.15,1.2,13.2,2.75,1.5,4.5
2023-03-31,10.7,9.8,11.7,6.48,2.9,10.3,1.625,0,4.8
2023-04-03,3.21,0.9,5,0,0,0,7.2250000000000005,1.3,12.3
2023-04-04,2.67,0.9,4.4,0,0,0,10.025,7.9,12.3
2023-04-05,3.9299999999999997,2.2,5.5,0,0,0,10.375,6.3,12.3
2023-04-11,9.3,7.3,11.4,2.68,0.1,4.3,4.2625,1.3,6.1
2023-04-13,8.05,6.5,9.6,2.73,0,9.5,3.4875000000000003,1.3,5.5
2023-04-14,7.8,5.6,9.2,4.859999999999999,0,22.4,6.6,0,11.9
2023-04-17,9.33,7.1,11.6,0.54,0,2,4.225,0,11
2023-04-18,9.08,7,10.6,0.04,0,0.3,3.2625,0,7.4
2023-04-19,8.76,6,11.8,2.64,0,12.8,7.3500000000000005,0,13
2023-04-20,7.18,4.5,10,3.46,0,11.5,2.15,0,4.6
2023-04-21,12.34,9.9,14.5,0.2,0,0.8,9.85,4.7,13.1
2023-04-24,10.41,9,12.9,3.9499999999999997,0,10.1,2.7,0,4.2
2023-04-25,7.319999999999999,6.2,8.7,1.34,0,5.8,3.5749999999999997,0.7,5.8
2023-04-26,6.49,5.2,8,0.01,0,0.1,6.575,3.3,10.2
2023-04-27,8.85,6.1,11.7,0.29,0,1.2,7.6375,4.5,9.8
2023-04-28,11.4,9,13.7,6.28,0.7,29.4,1.45,0,5.1
2023-04-30,11.17,7.8,14.1,0,0,0,9.775,4,13.5
2023-05-03,10.18,7.7,12.2,0,0,0,10.375,6.8,13.6
2023-05-04,13.49,9.9,15.7,0,0,0,12.5125,10.9,13.3
2023-05-05,14.76,11.2,17.4,6.38,0.5,13.9,5.2125,2.1,9.2
2023-05-08,13.98,11,16.8,1.11,0,11,7.285714285714286,2,14.1
2023-05-09,15.360000000000001,13.3,16.3,9.030000000000001,0,31.6,8.685714285714285,0.8,14.4
2023-05-10,13.83,11.9,15.9,4.66,0,20.3,2.5125,0.1,10.9
2023-05-11,13.02,9,17.1,7.58,0,18.2,1.625,0,8.9
2023-05-12,14.39,10.7,16.9,0.27,0,1.1,3.7375,0,9.2
2023-05-15,13.58,11.8,14.3,1.23,0,5.4,6.875,2,13.3
2023-05-16,10.92,10.2,12.1,1.46,0,12.1,4.1625,0,7.3
2023-05-17,9.83,8.8,11.5,0,0,0,7.1125,2,10.5
2023-05-19,13.12,12,14.6,0,0,0,7.75,2.6,14.6
2023-05-22,19.57,17.4,21.7,1.72,0,9,8.4125,2.8,14
2023-05-23,14.85,12.1,17.4,0.47000000000000003,0,2.2,2.75,1,4.5
2023-05-24,11.35,9.8,12.9,0.02,0,0.2,3.3625,0.1,6.1
2023-05-25,13.69,11.7,15.3,0,0,0,11.2125,4.5,14.7
2023-05-26,14.57,11.1,17.4,0,0,0,12.6875,10.7,14.6
2023-05-30,15.74,12,17.9,0,0,0,10.8875,0.2,15
2023-05-31,17.65,14.1,19.8,0,0,0,14.8875,14,15.2
2023-06-01,16.65,11.9,20.2,0,0,0,10.825,0.2,14.9
2023-06-02,15.15,13.3,19.1,0,0,0,10.925,5.4,15.1
2023-06-05,18.19,16.1,20.1,0.63,0,6.3,12.575,7,15
2023-06-06,17.8,14.9,20.4,0.37,0,3.5,10.0625,0,15.6
2023-06-07,18.46,15.9,23.1,1.05,0,8.3,9.7,3,14.8
2023-06-08,19.21,17.5,23.2,7.2299999999999995,0,57.4,10.3125,5.3,13.4
2023-06-09,20.84,18.7,22.7,0.01,0,0.1,13.2875,8,15.6
2023-06-12,21.28,19.2,24.1,0,0,0,14.6625,12.5,15.4
2023-06-13,19.38,16.3,22,0,0,0,14.5,7.9,15.8
2023-06-14,18.54,15.6,20.2,0,0,0,12.875,8.6,15.5
2023-06-15,18.89,17,20.9,0.39,0,3.9,10.4625,6.8,14.1
2023-06-16,18.29,14.6,21.9,0.5111111111111111,0,4,9.9125,4.5,14.3
2023-06-19,23.27,21.9,24.8,0.78,0,3.5,7.2625,3.9,10
2023-06-20,23.63,21.5,24.9,6.6875,0,38.4,8.5625,4.9,12.2
2023-06-21,22.75,20.7,24.8,0.5,0,3.5,9.575,6.2,12
2023-06-22,22.85,20.2,24.9,25.18,1,58.2,7.325,1.1,12.5
2023-06-23,19.01,17.3,21.1,4.36,0,29.6,4.95,0,10.2
2023-06-27,18.11,16.1,20.5,2.49,0,15.3,6.6,4.7,12.1
2023-06-28,18.44,16.8,20.6,0.01,0,0.1,6.6875,0,13.2
2023-06-29,20.759999999999998,19.3,21.8,2.15,0,5.2,6.1875,0,14.6
2023-06-30,18.79,17.9,19.7,3.3800000000000003,0,18.1,4.7875,1.1,9.1
2023-07-03,18.033333333333335,15.3,20,0.72,0,4.8,5.9,3.6,11.5
2023-07-04,18.633333333333333,14,21.2,3.23,0,12.7,8.942857142857143,6.3,13
2023-07-05,17.633333333333333,15.2,19.8,2.7333333333333334,0,12.2,5.214285714285714,2,8.7
2023-07-06,18,15.9,20.1,0.12,0,1.2,11.971428571428572,8.4,14.4
2023-07-07,21.27777777777778,19.7,23.2,0,0,0,15.142857142857142,14.6,15.7
2023-07-10,23.18888888888889,20.3,25.8,0.51,0,2.7,8.67142857142857,7,10.4
2023-07-11,24.92222222222222,22.5,27.1,5.5200000000000005,0,14.4,13.085714285714285,11.6,14.8
2023-07-12,21.844444444444445,18.2,25.1,2.46,0,16.6,6.642857142857143,3.2,10.2
2023-07-13,19.2,16.3,21.2,1.12,0,5.9,7.314285714285714,4.5,11
2023-07-14,21.11111111111111,19,22.8,0.02,0,0.2,10.457142857142857,6.8,13.4
2023-07-17,20.08888888888889,17,22.8,0.98,0,4,8.785714285714286,5.8,12.2
2023-07-18,19.61111111111111,16.4,23.1,0.22,0,1.4,11.157142857142857,7.4,14.4
2023-07-19,19.77777777777778,15.9,24.1,1.8399999999999999,0,6.2,6.214285714285714,1.9,12
2023-07-20,18.322222222222223,15.6,21.1,0.7,0,3.6,7.614285714285714,4.5,10.9
2023-07-21,16.966666666666665,15.8,18.2,3.25,0,10.2,5.185714285714286,1.9,8.4
2023-07-24,19.755555555555556,18.1,22.3,8.88,1.4,22.7,3.4571428571428573,1.8,5.3
2023-07-25,15.977777777777778,14.6,17.9,5.93,0,20.2,4.328571428571428,0.6,9.8
2023-07-26,15.166666666666666,13.1,16.7,5.1499999999999995,0.4,20.7,6.442857142857143,2.8,8.9
2023-07-27,16,14.4,17,11.49,0,23.8,1.3285714285714285,0,5
2023-07-28,19.38888888888889,18.1,20.6,4.75,0,11,2.685714285714286,1.3,5.7
2023-07-31,18.07777777777778,15.9,19.9,15.01,1.2,43.1,1.3,0,6.5
2023-08-01,17.61111111111111,16.6,18.2,4.9799999999999995,0.8,12.1,3.3714285714285714,2.5,4.6
2023-08-02,17.655555555555555,16.2,19.1,10,1.6,19.4,2.2714285714285714,0.7,5.8
2023-08-03,18.355555555555554,17.1,19.8,2.5,0,6.1,4.214285714285714,0.2,10
2023-08-04,17.3,16.4,18.8,2.88,0,7.9,3.642857142857143,1.5,5.4
2023-08-07,14.666666666666666,12.3,16.5,2.3,0,7.2,3.1714285714285713,2,4.8
2023-08-08,15.5,13.9,16.7,5.17,0.2,17.4,5.542857142857143,1.5,10
2023-08-09,15.833333333333334,14.3,17.1,1.6300000000000001,0,5.9,5.957142857142857,0.9,8.6
2023-08-10,16.844444444444445,14.9,18.6,0,0,0,12.028571428571428,9,13.8
2023-08-11,20.81111111111111,19,22.3,1.64,0,6.6,11.142857142857142,5.6,13.8
2023-08-14,22.22222222222222,19.9,24.4,3.63,0,21.2,9.428571428571429,7.2,11.3
2023-08-15,22.622222222222224,21.1,24.6,1.44,0,5.8,6.871428571428572,3.6,9.3
2023-08-16,21.344444444444445,17.9,23.4,8.81,0,38.8,6.214285714285714,1.9,13.2
2023-08-17,20.366666666666667,16.5,23.4,7.52,0,55.8,4.442857142857143,0,10
2023-08-18,22.655555555555555,20,24.8,0,0,0,10.071428571428571,7.5,12.8
2023-08-21,22.877777777777776,18.7,26.1,0,0,0,11.842857142857143,10.5,13.2
2023-08-22,22.322222222222223,19.7,26.8,0,0,0,9.885714285714286,7.5,12.7
2023-08-23,21.48888888888889,18.9,26.3,0.18,0,0.9,11.157142857142857,8,13.3
2023-08-24,21.855555555555554,20.1,26.1,1.69,0,7,7.8,3.6,11
2023-08-25,21.633333333333333,19.2,24,12.01,0,30.8,3.085714285714286,0.2,7.2
2023-08-28,15.055555555555555,13.5,16.6,5.76,0,41.6,3.3714285714285714,0,8.7
2023-08-29,14.366666666666667,11.9,16.2,4.47,0,16,2.7285714285714286,0,6.8
2023-08-30,15.1,14.1,16.6,3.2600000000000002,0,10.4,3.5285714285714285,2.5,5.6
2023-08-31,14.566666666666666,12.3,15.9,1.79,0.1,4.4,5.214285714285714,1.9,8.3
2023-09-01,16.11111111111111,14,18.6,3.94,0,11.4,4.914285714285715,0.3,10.6
2023-09-04,18.288888888888888,16.8,20,0,0,0,12.471428571428572,12,12.9
2023-09-05,20.677777777777777,18.4,23.6,0,0,0,12.6,12.4,12.9
2023-09-06,20.91111111111111,18.3,22.6,0,0,0,12.557142857142857,12.2,12.8
2023-09-07,21.11111111111111,19.1,22,0,0,0,12.442857142857143,12.1,12.7
2023-09-08,21.333333333333332,19.5,22.5,0,0,0,12.27142857142857,12,12.6
2023-09-11,22.633333333333333,21.3,24.1,0.14444444444444446,0,0.9,11.157142857142857,10.1,12.2
2023-09-12,21.5,19.2,22.8,5.855555555555555,0,21.1,7.071428571428571,2.1,11.2
2023-09-13,17.88888888888889,14.4,19.8,3.8099999999999996,0,19.9,1.8285714285714285,0.4,3.8
2023-09-14,14.9,12.2,17.6,0,0,0,5.814285714285714,3.9,8.1
2023-09-15,16.366666666666667,14.5,18.1,0,0,0,10.6,8.3,11.7
2023-09-18,19.88888888888889,18,21.2,2.77,0.5,11.1,4.357142857142857,2.6,6
2023-09-19,17.54,16.7,18.4,0.09000000000000001,0,0.8,6.385714285714285,3.4,9.7
2023-09-20,18.83,17.1,19.6,0,0,0,8.257142857142858,5.9,12
2023-09-21,19.25,17.4,21.5,6.38,0,22.2,6.3428571428571425,1.1,10.7
2023-09-22,15.04,13.5,16.8,3.33,0.1,12.8,2.4571428571428573,0,5
2023-09-25,14.43,13.2,15.9,0,0,0,10,7.9,11.7
2023-09-26,15.92,14.6,17.6,0,0,0,9.27142857142857,7.8,11.4
2023-09-27,17.580000000000002,15.9,19.3,0.01,0,0.1,8.757142857142858,6.9,11.1
2023-09-28,18.419999999999998,16.8,19.7,0,0,0,8.214285714285714,2,11.1
2023-09-29,18.62,17.3,20.1,0.59,0,3,4.128571428571429,1.2,10.8
2023-10-02,18.41,17,20.2,0,0,0,8.1,3.2,11.1
2023-10-04,13.41,11.9,14.4,0.04,0,0.4,5.128571428571428,2.4,8.9
2023-10-05,12.83,10.4,14.3,1.85,0,9.4,3.8857142857142857,0.6,6.3
2023-10-06,13.84,11.3,15.5,1.04,0,9.8,6.585714285714285,0,10.3
2023-10-09,14.73,10.2,17.7,2.3875,0,12.6,0.5285714285714286,0,1.2
2023-10-10,16,14.2,17.3,0.075,0,0.6,5.671428571428572,1.1,9.8
2023-10-11,18.11,16.3,20.4,2.2375000000000003,0,15.3,6.557142857142857,0.6,10.1
2023-10-12,16.16,12.4,20,2.2,0,4.3,1.9714285714285713,0,5.6
2023-10-13,19.04,17.1,20.2,4.35,0,14.1,3.1571428571428575,0,9.8
2023-10-16,6.14,4,7.6,0.13,0,1.2,5.185714285714286,1.4,10.4
2023-10-17,6.68,4.2,8.2,0,0,0,4.328571428571428,1.1,7.4
2023-10-18,7.74,6.5,10.1,6.53,0,18.2,6.1000000000000005,4.7,8.3
2023-10-19,10.879999999999999,6.8,15.1,4.74,0.2,12.8,0.8,0,2
2023-10-20,11.19,6,14.5,10.79,0,27,0.34285714285714286,0,2.2
2023-10-23,10.36,8.2,12.5,1.27,0,4.5,3.9,0.2,7.2
2023-10-24,11.45,10.6,12.6,5.7299999999999995,0.2,12.7,0.6285714285714286,0,2.1
2023-10-25,10.75,9.8,12.6,6.8100000000000005,0,15.3,3.542857142857143,0,7.4
2023-10-26,10.76,10,11.8,3.34,0,17.2,0.21428571428571427,0,0.5
2023-10-27,10.1,8.9,11.4,6.65,1.1,14.9,0.7285714285714285,0,3.1
2023-10-30,12.68,11.5,14.5,6.74,1.8,10.4,3.3285714285714287,0.8,5.6
2023-10-31,10.809999999999999,8.6,12.2,2.95,0,10.2,1.0285714285714285,0.2,2.4
2023-11-01,11.41,9.4,12.9,0.3,0,1.3,2.3857142857142857,0,8.2
2023-11-02,10.53,8.2,12.6,4.12,0,14.2,1.457142857142857,0,3.6
2023-11-03,8.52,5.9,10,0.3,0,2.9,1.2142857142857142,0,3.1
2023-11-06,10.33,9.3,11.4,0.54,0,1.6,2.8714285714285714,0.5,5.9
2023-11-07,8.92,7,10.1,0.79,0,2.8,1.5285714285714287,0.9,2.7
2023-11-08,8.49,6.8,9.5,3.44,0,14.7,2.257142857142857,0.6,4.4
2023-11-09,8.5,6.6,9.8,2.56,0,8.3,1.8142857142857143,0,6
2023-11-10,7.94,6.9,9,2.83,0,9.8,1.4,0.2,2.9
2023-11-13,8.53,5.9,11,11.18,3.5,21.4,0.9857142857142858,0,3.8
2023-11-14,10.76,10,11.4,9.61,1.3,31.2,0.4714285714285714,0,1.6
2023-11-15,8.98,7.7,10.8,1.5,0,3.7,1.8714285714285714,0.1,3.6
2023-11-16,6.89,5.8,7.7,7.97,0,37.4,1,0,3.3
2023-11-17,4.39,3.4,6.5,0.4,0,1.5,1.0999999999999999,0,4.8
2023-11-20,9.9,9.3,11,5.3,0.7,16.9,0.9142857142857143,0,3.8
2023-11-21,6.55,3.5,8.6,0.8200000000000001,0,4.2,0.21428571428571427,0,0.9
2023-11-22,2.04,-0.8,4.4,0.09,0,0.7,1.7,0,6.6
2023-11-23,6.54,3.3,9.7,3.96,0,7.3,0.9,0,5.8
2023-11-24,4.55,2.9,5.9,6.37,2.2,11.4,1.5285714285714285,0.1,2.6
2023-11-27,2.17,0.1,3.6,11.6,1.6,25.9,0.37142857142857144,0,2.6
2023-11-28,0,-1.7,1.5,1.72,0,6.7,0.35714285714285715,0,1.9
2023-11-29,-0.030000000000000023,-1.6,1.7,0.76,0,2.9,0.7857142857142857,0,3.8
2023-11-30,-0.45999999999999996,-3,2.6,2.27,0,17.9,1.1857142857142857,0,4.3
2023-12-01,-1.28,-5,0.8,4.95,0,37.1,0.7428571428571429,0,5
2023-12-02,-2.36,-4.4,-0.7,0.9099999999999999,0,6.8,0.7428571428571429,0,3.2
2023-12-04,-2.19,-6.7,1.5,2.88,0,9,0.18571428571428572,0,0.7
2023-12-05,1.52,-1.2,4.5,3.03,0.1,8.2,0.5714285714285714,0,3
2023-12-06,1.81,0,3.8,0.71,0,3.8,0.18571428571428572,0,1.2
2023-12-07,1.09,0.2,2,0.35,0,2.4,2.7285714285714286,0,8.1
2023-12-08,1.71,0.4,4.7,2.02,0,6.9,0.09999999999999999,0,0.7
2023-12-11,8.84,7.7,10.4,3.48,0,14.6,0.41428571428571426,0,1.4
2023-12-12,7.13,5.7,8.5,5.6,1.1,13.6,0.4285714285714286,0,1
2023-12-13,6.68,4.4,8.4,3.63,0,11.9,0.8142857142857143,0,2.3
2023-12-14,4.64,3.1,5.9,1.34,0,4.3,0,0,0
2023-12-15,4.9399999999999995,3.2,7.1,0.23,0,0.8,0.07142857142857142,0,0.5
2023-12-18,4.22,0.8,7.7,0.4,0,1.6,4.271428571428571,0,7.9
2023-12-19,5.2299999999999995,0.5,8.1,9.41,0.6,18.4,1.5999999999999999,0,8.1
2023-12-20,5.68,4.7,7.1,4.17,0.5,13.9,0.8571428571428572,0,2.6
2023-12-21,7.59,6.6,9,10.31,2.7,18.3,0,0,0
2023-12-22,5.67,2.5,8,6.66,2.2,14.2,0.24285714285714285,0,1.4
2023-12-27,5.65,3.6,7.5,0.42,0,1.9,1.9857142857142858,0,6.3
2023-12-28,8.97,6.2,10.5,0.58,0,4.3,1.5,0,4
2024-01-03,9.47,8.5,10.3,6.88,0.7,19.1,0.9571428571428571,0,3.8
2024-01-04,5.88,1.5,8.5,1.3499999999999999,0,4.6,0.3142857142857143,0,1.5
2024-01-05,4.43,-0.5,8.1,3.3299999999999996,0,12.7,0.4285714285714286,0,1.8
2024-01-06,2.34,-1.2,5.6,1.96,0,15.3,0.028571428571428574,0,0.2
2024-01-08,-3.71,-8,-1.8,0,0,0,3.071428571428571,0,4.6
2024-01-09,-5.57,-10.1,-3.8,0,0,0,6.785714285714286,4,8
2024-01-10,-4.67,-6.1,-3.6,0,0,0,4.757142857142857,0,7.8
2024-01-11,-3.75,-5.8,-1.2,0,0,0,3.757142857142857,0,7.9
2024-01-12,-1.3499999999999999,-5.3,1.3,0.08,0,0.4,0.9285714285714286,0,6.5
2024-01-15,0.21000000000000002,-1.6,1.5,1.82,0.1,6.7,0.2857142857142857,0,1.5
2024-01-16,-1.06,-3.3,-0.1,0.43,0,1.7,1.9714285714285713,0,4.5
2024-01-17,-0.7999999999999999,-2.3,2.8,6.33,0,17.3,0.3714285714285714,0,2.3
2024-01-18,-0.38,-2.8,5,1.6,0,3.6,3.6142857142857143,0,7
2024-01-19,-1.3299999999999998,-2.9,1,0.17,0,1.6,3.357142857142857,0.2,7.4
2024-01-22,7,4.4,9.7,2.52,0.1,5.9,0.5571428571428572,0,1.6
2024-01-23,6.6,5.3,8,3.96,0.4,12.6,1.7,0,3.6
2024-01-24,10.27,9.1,11.5,1.34,0,3.8,0.6142857142857142,0,1.4
2024-01-25,7.22,6.2,8.5,0.62,0,2.1,1.9714285714285715,0,3.7
2024-01-26,7.4,5.2,8.8,4.24,1.3,6.7,0.5428571428571428,0,1.4
2024-01-29,5.07,2.6,9.3,0,0,0,6.685714285714286,5.2,8.7
2024-01-30,5.74,3.2,9.4,0.16,0,1.1,2.1714285714285713,0,7.8
2024-01-31,5.94,3.6,7,1.74,0,4.7,0.9857142857142858,0,5.4
2024-02-01,6.3100000000000005,4.9,7.2,1.22,0,5.5,4.185714285714286,0,6.7
2024-02-02,6.36,4.9,7,0.35000000000000003,0,2.6,1.1714285714285715,0,5.4
2024-02-05,9.43,7.7,10.5,0.73,0,4.9,3.2857142857142856,0,7.7
2024-02-06,8.58,4.9,10.6,5.39,0,14.6,1.3714285714285714,0,9.3
2024-02-07,5.88,3.7,8.3,5.89,0,26.5,1.3285714285714285,0,3.8
2024-02-08,5.3,0.9,10.2,8.709999999999999,0.1,21.9,0.09999999999999999,0,0.6
2024-02-09,8.36,2,11.4,5.76,0,11.2,0.24285714285714285,0,1
2024-02-12,7.04,6.4,8,0.52,0,1.5,1.0142857142857142,0.1,2.1
2024-02-13,5.65,4.3,6.5,1.12,0,5.9,4.114285714285714,0.3,7.3
2024-02-14,8.37,6.1,10.9,2.61,0,5.9,0.4,0,2.5
2024-02-15,11.5,10.1,13.3,0.62,0,2.4,1.9428571428571428,0,7.4
2024-02-16,11.61,10.1,12.9,2.73,0.2,6.1,1.3428571428571427,0,5.7
2024-02-19,8.48,7.5,9.9,2.25,0.2,5.8,0.5,0,2.2
2024-02-20,7.720000000000001,6.4,9,0.55,0,2.1,0.9714285714285714,0.2,2
2024-02-21,8.620000000000001,8,9.3,6.43,0,17.9,2.357142857142857,0,7.7
2024-02-22,9.89,9.5,10.4,5.47,0.8,13.2,0.2571428571428571,0,1.4
2024-02-23,6.58,5,8.3,0.15,0,0.7,1.1857142857142857,0.1,2.6
2024-02-26,5.99,2.6,8,2.32,0,9.6,2,0,6
2024-02-27,5.43,3.5,7.9,0.06,0,0.6,1.6857142857142857,0,5.2
2024-02-28,4.35,2.5,5.6,0,0,0,1.7,0,4
2024-02-29,5.82,3.6,7.9,0,0,0,3.814285714285714,1.4,9.2
2024-03-01,7.04,4.4,9,0.22,0,0.8,2.4,0,5.4
2024-03-04,7.68,5.8,9.4,0.27,0,2.7,2.2285714285714286,0,9.3
2024-03-05,6.33,4.6,8.3,1.7,0,7.5,0.7714285714285715,0,4.4
2024-03-06,5.49,3.1,7.3,1.17,0,6.3,3.7714285714285714,0,8.6
2024-03-07,4.35,2.9,5.8,0,0,0,2.557142857142857,0.3,5.7
2024-03-08,4.5,3.1,6.6,0,0,0,10.142857142857142,8.8,10.5
2024-03-11,8.55,6.7,10.4,2.87,0,15.8,3.5142857142857142,0,9.2
2024-03-12,7.6899999999999995,5.8,9.8,2.41,0,12.7,0.5142857142857142,0,1.4
2024-03-13,8.77,7.5,10.4,0.79,0,2.8,1.6857142857142857,0,6.4
2024-03-14,11.49,9.1,12.8,0.01,0,0.1,5.585714285714285,0.1,8.1
2024-03-15,12.09,11,12.8,3.18,0,10.8,2.6142857142857143,0.3,5.3
2024-03-18,7.72,2.3,11.1,1.8299999999999998,0,9.7,2.714285714285714,0,10.7
2024-03-19,8.92,4.2,12.1,0.060000000000000005,0,0.4,5.271428571428571,1,10.9
2024-03-20,11.290000000000001,8.7,13.4,0.53,0,3.3,6.885714285714286,1.8,10.3
2024-03-21,10.01,8.8,11.8,1.87,0,8.3,1.457142857142857,0,3.4
2024-03-22,10.79,9.1,12.3,3.18,0,12.3,2.428571428571429,0,9.3
2024-03-25,6.55,5.1,8.1,0.19,0,1.3,6.942857142857143,2.1,10.1
2024-03-26,8.34,7.3,10,0.07,0,0.5,6.128571428571429,1.6,10.4
2024-03-27,10.15,7.9,13,4.09,0.1,15.1,4.442857142857143,0,8.4
2024-03-28,8.15,6.4,10.2,2.18,0,9.4,3.5285714285714285,1.8,6.1
2024-04-02,10.19,9.3,11.7,1.57,0,5.7,3.2714285714285714,0.6,7.2
2024-04-03,10.09,7.9,11,3.7,1,6.5,0.6,0,2
2024-04-04,11.9,10.6,13.3,5.54,0,15.3,2.342857142857143,1.3,3.9
2024-04-08,18.62,15,21,0.19999999999999998,0,1.4,6.371428571428571,3.8,8.5
2024-04-09,14.21,11.9,18.4,2.63,0,10.5,1.9000000000000001,0.1,8.8
2024-04-10,9.98,8,11.9,0.01,0,0.1,4.414285714285715,1.9,7.8
2024-04-11,11.4,9.7,12.9,0.37,0,2.3,5.014285714285714,0,11.6
2024-04-12,14.27,12.6,16.1,0,0,0,6.371428571428572,0.9,12.3
2024-04-15,10.45,8,13.7,3.77,0.7,9.5,3.557142857142857,1.9,4.3
2024-04-16,6.86,6,7.4,5.12,0.5,10.8,2.1285714285714286,0.3,4.2
2024-04-17,5.88,4.3,7.9,1.9000000000000001,0,7.5,3.557142857142857,1.5,8.2
2024-04-18,6.11,3.6,8.1,2.7600000000000002,0,5.2,5.1,2.2,8.2
2024-04-19,6.22,4.5,7.7,7.49,1.8,12.2,1.342857142857143,0,3
2024-04-22,3.82,1.9,5.4,0.18,0,1.2,5.114285714285714,0.6,8.5
2024-04-23,4.71,2.5,6.5,0.51,0,1.9,5.957142857142857,0,9.6
2024-04-24,5.26,3.3,7.2,2.63,0,7.4,2.5571428571428574,0.5,3.6
2024-04-25,5.96,4.8,7.3,1.13,0,4.6,2.9714285714285715,0.9,5
2024-04-26,8.91,6.8,10.3,0.27,0,1.5,3.857142857142857,0,10
2024-04-29,15.35,13.8,17.4,0.01,0,0.1,10.742857142857144,9.2,12.9
2024-04-30,18.830000000000002,16.6,21.3,0,0,0,11.142857142857142,7.8,13.5
2024-05-02,18.01,14.2,20.9,11.65,0,39.5,9.571428571428571,3.9,13.7
2024-05-03,13.54,11,18.8,1.5,0,7.2,2.1714285714285713,0,8
2024-05-06,13.71,12.4,14.5,8.299999999999999,0,25.5,4.214285714285714,0,10.8
2024-05-07,12.59,10.1,14.7,0.5,0,3.5,1.8285714285714285,0,6
2024-05-08,12.28,10,13.8,0.72,0,6.2,5.757142857142857,0,13.4
2024-05-10,15.25,13.4,17.3,0,0,0,12.17142857142857,10.8,14
2024-05-13,18.39,16.8,20.2,0.36,0,1.9,12.628571428571428,9.2,15.1
2024-05-14,19.52,17.5,21.3,0,0,0,13.742857142857144,11.9,15.2
2024-05-15,18.39,15.2,21,1.78,0,9.4,10.485714285714286,4.4,15
2024-05-16,17.85,15.4,21.2,8.61,0,29.5,7.4714285714285715,3.7,12.5
2024-05-17,15.79,11.2,20.4,4.04,0,29.6,4.171428571428572,0,11
2024-05-21,16.93,14.2,21.5,8.48,0,21.7,5.714285714285714,0.1,11.5
2024-05-22,16.16,14.7,20.3,3.94,0,28.4,2.7285714285714286,0,5.3
2024-05-23,16.21,13,19,6.33,0,16.8,8.857142857142858,4.6,11
2024-05-24,15.62,13,19.2,10.76,0,32.6,5.328571428571428,0.2,11.7
2024-05-25,15.83,14,18.7,1.25,0,6.5,4.857142857142857,3.5,9.1
2024-05-27,17.27,15.3,20,9.33,0,30.5,5.414285714285715,3.2,8.1
2024-05-28,14.8,13.8,16.5,3.68,0,11,4.5285714285714285,1.4,7.6
2024-05-29,15.58,14.5,17.6,8.89,0,21.1,4.114285714285715,0.9,9.8
2024-05-30,15.58,14.7,16.9,7.21,0,16.6,5.314285714285714,3.6,8.7
2024-05-31,15.05,10.9,18.2,12.65,0,66.9,2.3714285714285714,0,5.7
2024-06-03,13.96,12.8,15.6,1.56,0,14,0.38571428571428573,0,0.8
2024-06-04,16.31,15.6,17.3,0.79,0,2.7,5.685714285714285,0.9,9.7
2024-06-05,16.07,14,19,1.1,0,4.8,5.514285714285714,0.8,8.7
2024-06-06,15.870000000000001,12.3,19.8,0.39,0,2.2,9.542857142857143,6.3,11.8
2024-06-07,16.05,12.6,18.5,0.27,0,2.6,9.985714285714286,6.3,13.8
2024-06-10,14.33,11,17.2,4.28,0,16.1,4.414285714285714,0.8,8.7
2024-06-11,12.74,11.1,13.9,1.06,0,7.2,4.985714285714286,0,7.8
2024-06-12,12.94,10.8,14.1,0.8,0,3.9,6.142857142857142,2.7,11.4
2024-06-13,13.95,11.8,15.6,0.07,0,0.4,7.171428571428572,2.8,11.3
2024-06-14,15.79,14.5,16.9,3.05,0,10.1,1.957142857142857,0.3,4.1
2024-06-17,18.21,16.2,20.1,3.26,0,26.9,5.300000000000001,3.4,7.9
2024-06-18,19.77,15.8,22.8,11.620000000000001,0,42,7.357142857142857,0.8,14.1
2024-06-19,17.83,15.2,24.1,1.84,0,9.2,6.885714285714285,0.1,14.7
2024-06-20,18.41,15.7,21.7,0.19,0,1.9,6.728571428571429,2.8,13.3
2024-06-21,19.62,17.5,22.3,7.83,0.3,28.3,2.1,0.2,7.5
2024-06-24,20.18,18.5,21.4,0,0,0,13.314285714285715,11.5,14.4
2024-06-25,21.99,21.2,23,0,0,0,15.485714285714286,15.2,16
2024-06-26,23.11,20.2,25.1,1.94,0,9.1,12.928571428571429,7.4,15.7
2024-06-27,23.3,20.8,25,12.7,0,33.3,9.028571428571428,6.5,13.5
2024-06-28,21.64,19.3,24.5,1.92,0,11.7,10.885714285714286,8.8,14
2024-07-01,16.44,14.7,17.6,6.41,0.3,22.4,3.1285714285714286,1.5,5.1
2024-07-02,15.03,13.9,16,4.42,0.3,11.6,0.9142857142857143,0,2.5
2024-07-03,14.09,13.3,15.4,5.55,0,16.8,2.585714285714286,1.4,5.4
2024-07-04,15.54,13.9,16.9,2.38,0,5.2,5.014285714285714,2.4,7.6
2024-07-05,17,14.8,19.9,0.33,0,2.2,5.5285714285714285,0.2,10.8
2024-07-08,19.16,17.6,21,0.03,0,0.3,9.82857142857143,6,14.4
2024-07-09,24,23.1,25.8,2.08,0,6.7,13.014285714285714,8.8,15.3
2024-07-10,22.28,20.6,25.8,5.6,0,15.9,5.771428571428571,3.9,8.2
2024-07-11,21.400000000000002,19.3,22.9,1.32,0,4.9,8.342857142857143,6,11.5
2024-07-12,19.62,16,22.1,7.4799999999999995,0.2,32.3,4.114285714285714,0,7
2024-07-16,20.6,18.9,23.3,2.63,0,9.5,5.2,2.4,7.8
2024-07-17,19.34,16.7,21.1,0.7,0,6.3,4.985714285714286,0.6,9.6
2024-07-18,20.78,17.8,22.3,0,0,0,12.214285714285714,9.6,13.6
2024-07-19,22.74,21,24,0.6900000000000001,0,6.9,10.614285714285714,6.8,13.4
2024-07-22,20.85,18.2,22.7,0.77,0,3.6,6.457142857142857,4.5,9
2024-07-23,20.009999999999998,18.9,20.8,4.11,0.3,13.4,4.785714285714286,2.4,6.8
2024-07-24,18.42,17,19.6,0.16,0,1.6,7.4,4,11.8
2024-07-25,18.92,17.5,20.7,1.27,0,6.4,9.642857142857142,3.1,12.5
2024-07-26,20.22,17.8,22.1,4.36,0,20,4.171428571428572,0.1,14.1
2024-07-29,19.4,17.5,21.4,0,0,0,14.442857142857143,14,15
2024-07-30,22.39,20.8,24,0,0,0,13.657142857142857,12.6,14.5
2024-07-31,23.08,20.2,25.3,1.08,0,5,10.128571428571428,1.8,14.3
2024-08-01,21.18,18.6,24.2,9.950000000000001,0,45.7,7.357142857142857,0.2,12.2
2024-08-02,19.82,16.9,22.8,3.5999999999999996,0,21.7,5.885714285714286,1.1,11
2024-08-05,19.51,17.6,20.8,0,0,0,8.042857142857143,4.8,10.9
2024-08-06,21.81,19.6,23,0,0,0,13.257142857142856,12,14.5
2024-08-07,21.38,19.3,22.9,4.08,0,15,5.8,2.9,8.3
2024-08-08,19.57,17.9,20.7,0.6,0,4.8,5.4714285714285715,2.4,8.6
2024-08-09,20.81,18.4,22.1,0.47000000000000003,0,2.2,6.042857142857143,2.1,12.6
2024-08-12,23.39,18.4,25.9,0,0,0,13.371428571428572,11,14.3
2024-08-13,25.16,23,26.8,6.390000000000001,0,20.6,10.857142857142858,7.6,13.8
2024-08-14,22.71,19.7,25.1,3.24,0,22.8,5.1,0.2,11.2
2024-08-15,22.35,20.5,24.1,0.01,0,0.1,8.214285714285714,2.1,13.1
2024-08-16,22.73,19.6,24.7,1.55,0,7.7,6.414285714285715,1.2,11.5
2024-08-17,21.63,17.7,24.3,3.9,0,14.2,4.771428571428571,0.6,12
2024-08-19,17.9,15.7,19.4,0.5700000000000001,0,5.7,6.8428571428571425,0,12
2024-08-20,19.58,17.3,21,2.24,0,12.4,7.5285714285714285,1,11.4
2024-08-21,17.86,16,20.5,0.31,0,2.2,7.085714285714285,4.6,8.5
2024-08-22,18,16.5,19.2,0.01,0,0.1,8.757142857142858,2.9,12.3
2024-08-23,21.09,19.8,23.8,0.23,0,1.3,8.271428571428572,4.6,12.5
2024-08-26,16.87,14.6,19,0.06,0,0.6,8.6,0,11.7
2024-08-27,19.23,18.3,20.7,0,0,0,11.9,6.3,13.2
2024-08-28,22.32,21.3,23.5,0,0,0,12.642857142857142,11.5,13.1
2024-08-29,24.37,22.9,27,0.53,0,2.8,11.17142857142857,8.1,12.9
2024-08-30,21.38,16.6,24.4,0.38,0,2.7,6.414285714285714,1.2,12.7
2024-08-31,20.6,15.3,23.9,0,0,0,10.3,6,11.9
2024-09-02,21.47,19.1,23.8,0.78,0,4.7,9.271428571428572,4.9,11.5
2024-09-03,22.63,21.3,24.8,1.61,0,7.9,8.442857142857143,4,11.4
2024-09-04,21.86,18,26.7,11.29,0,37.9,5.3428571428571425,0,12.1
2024-09-05,23.68,22,25.8,0.73,0,3.7,10.457142857142857,6.6,12.1
2024-09-06,21.47,19.4,23.7,0,0,0,6.7,1.4,11.9
2024-09-07,21.78,20.6,24,0.04,0,0.2,9.8,6.8,12.4
2024-09-09,16.81,15.4,18.7,5.55,0,18.7,1.4714285714285715,0.7,3
2024-09-10,15.49,14.3,16.8,6.18,0,18.7,2.2142857142857144,1.3,3.5
2024-09-11,12.66,10.8,14.8,4.11,0.1,9.1,3.785714285714286,0,6.2
2024-09-12,10.38,9.2,12.1,2.42,0,9.6,4.428571428571429,0,9.6
2024-09-13,10.33,7.9,12.4,9.1,0,47.2,3.5714285714285716,0,7.4
2024-09-16,13.81,8.7,17.1,6.43,0,41.3,2.6285714285714286,0,9
2024-09-17,15.98,11.8,19.3,0.1,0,1,4.928571428571429,1.8,7.8
2024-09-18,17.46,14.7,19.6,0,0,0,9.314285714285715,6.6,11.1
2024-09-19,17.41,15.5,19.5,0.27999999999999997,0,2.8,8.914285714285715,4.4,11.5
2024-09-20,16.85,14.4,18,0,0,0,11.157142857142857,10.5,11.8
2024-09-23,16.71,15.4,18,6.35,0,21.5,4.428571428571429,1.1,8.5
2024-09-24,15.13,14.4,16,4.2,0,12.2,2.357142857142857,0,8.4
2024-09-25,15.3,13.7,16.7,10.200000000000001,0.2,19.1,2.1999999999999997,0,8.6
2024-09-26,15.77,15.2,16.9,11.65,0.5,50.7,1,0,3
2024-09-27,14.35,13,16.9,2.87,0.1,7.6,4.0285714285714285,0.8,5.9
2024-09-30,11.38,9.9,12.8,5.89,0,21.7,4.857142857142857,1.7,9.1
2024-10-01,12.44,9.3,14,5.9,0.9,14.7,1.3714285714285714,0,3.7
2024-10-02,10.75,9.9,11.8,2.62,0,11.1,1.3714285714285714,0,3.1
2024-10-04,9.67,8,11.7,1.6300000000000001,0,8.3,4.142857142857143,0,9.5
2024-10-07,13.61,10.7,16.1,4.04,0,20,3.742857142857143,0.8,8
2024-10-08,15.3,14.1,16.9,4.92,0.2,12.2,3.1142857142857143,0,7.9
2024-10-09,14.870000000000001,13.9,16.6,12.32,0,32.9,3.5571428571428574,0,9
2024-10-10,13.43,11.4,15.3,3.58,0.6,9.3,0.9,0.2,1.7
2024-10-11,9.06,7.6,10.3,0.2,0,0.9,4.671428571428572,1.1,8.4
2024-10-14,8.98,6.9,12.4,3.29,0,11.6,1.2142857142857144,0.1,3.4
2024-10-15,9.74,7.6,13.1,0.01,0,0.1,5.3,0,9.7
2024-10-16,12.120000000000001,9.6,16.1,0.39999999999999997,0,2.8,6.414285714285715,2.7,10
2024-10-17,14.04,12,17,0.06999999999999999,0,0.7,4.414285714285715,0.5,9.4
2024-10-18,13.51,12,15.2,1.0999999999999999,0,3.5,4.9714285714285715,1.7,8.6
2024-10-21,14.52,12.6,16.6,1.51,0,6.3,2.814285714285714,0,9.7
2024-10-22,12.74,11.3,14.6,0.4,0,2.1,4.228571428571429,1.2,8.1
2024-10-23,9.73,8.5,11.5,0.57,0,5.5,3.857142857142857,0,9.1
2024-10-24,10.8,9.7,11.7,0.03,0,0.3,3.6142857142857143,0,8.1
2024-10-25,12.629999999999999,11.1,15,0.01,0,0.1,5.871428571428571,1,9.3
2024-10-28,12.13,10.5,14.5,1.16,0,4.3,2.3,0.4,6
2024-10-29,12.68,10.9,13.6,0.61,0,2.4,2.2142857142857144,0,9.1
2024-10-30,12.129999999999999,10.7,13.8,0.09,0,0.5,0.8142857142857143,0,4.6
2024-10-31,11.309999999999999,10.1,12.2,0,0,0,1.0285714285714287,0,5.9
2024-11-01,10.38,8.8,12.3,0.29,0,0.8,2.342857142857143,0,8.9
2024-11-04,6.84,2.6,9.5,0.02,0,0.2,3.571428571428571,0,8.6
2024-11-05,5.88,2.9,7.4,0.01,0,0.1,3.4,0,8.4
2024-11-06,5.91,4,6.9,0.02,0,0.1,0.41428571428571426,0,2.9
2024-11-07,5.74,4.6,6.8,0.01,0,0.1,0,0,0
2024-11-08,5.71,4.7,6.7,0.01,0,0.1,0.21428571428571427,0,1.5
2024-11-11,5.88,2.2,9.7,3.92,0,8.7,0.6714285714285715,0,1.8
2024-11-12,5.76,2.3,8.5,0.02,0,0.2,0.7142857142857143,0,1.9
2024-11-13,5.08,1.2,7.9,2.33,0.1,5.2,0,0,0
2024-11-14,6.67,3.6,9.6,0.57,0,1.5,0.6142857142857143,0,4.2
2024-11-15,7.4,4.7,9.2,0.01,0,0.1,0.014285714285714287,0,0.1
2024-11-18,5.07,3.1,6.9,5.65,0,12.5,2.1714285714285717,0,4.7
2024-11-19,6.23,1.9,9.8,12.05,2.2,25.5,0.18571428571428572,0,1
2024-11-20,2.28,1.4,3.6,2.55,0,6.3,1.1142857142857143,0,5
2024-11-21,0.91,0.4,1.4,0.89,0,6.3,0.9714285714285714,0,3.9
2024-11-22,0.85,-0.6,1.8,2.4899999999999998,0.1,18.9,2.1,0.4,5.5
2024-11-25,11.72,7.5,14.4,4.11,0.6,13.6,2.757142857142857,0,8.2
2024-11-26,8.29,7.1,9.4,2.52,0,9.4,3.2142857142857144,0.9,5.2
2024-11-27,7.2,5.7,8.9,6.53,0.2,26.1,2.1857142857142855,0,6.2
2024-11-28,6.48,5.8,7.5,2.08,0,9.1,1.2285714285714284,0,4.1
2024-11-29,3.38,1.7,4.8,0,0,0,4.057142857142857,0.1,7.2
2024-12-02,4.62,1.4,8,2.77,0,7,0.3,0,1.2
2024-12-03,5.43,4,6.3,1.34,0,4.4,1.0142857142857142,0.1,2.5
2024-12-04,3.2,0.3,4.7,0.57,0,2.8,0.4857142857142857,0,1.7
2024-12-05,2.61,0.2,4.8,9.74,2.9,21.4,2.6,0,6.5
2024-12-06,6.31,4.3,7.5,2.94,0.3,12.5,0.08571428571428572,0,0.4
2024-12-09,3.94,1.6,5.6,1.51,0,5.2,0.07142857142857142,0,0.5
2024-12-10,3.63,1.1,5.5,0.04,0,0.3,0,0,0
2024-12-11,2.28,0.6,3.3,0,0,0,0,0,0
2024-12-12,1.78,0.5,3.3,0,0,0,0,0,0
2024-12-13,0.66,-0.3,1.5,0,0,0,0,0,0
2024-12-16,8.879999999999999,6.5,10.3,0.6900000000000001,0,3.1,0.5428571428571428,0,3.8
2024-12-17,7.57,4.5,9.4,0.09,0,0.7,0.8571428571428571,0,5.1
2024-12-18,8.5,5,10.3,1.12,0,4.7,0.5142857142857142,0,1.2
2024-12-19,8.96,7.5,10.8,4.58,1.4,8.6,0.21428571428571427,0,0.7
2024-12-20,3.94,1.8,5.5,0.6,0,3.9,1.2571428571428571,0,3.2
2024-12-23,3.2,1.2,4.7,0.69,0,2.3,1.8,0,4.2
2024-12-27,0.42000000000000004,-3.3,3.6,0,0,0,3.928571428571429,0,7.9
2025-01-07,4.71,3.7,6.2,1.6,0,7.5,1.3,0.2,3
2025-01-08,2.43,1.6,3.4,5.6899999999999995,0,13.2,1.9000000000000001,0,5.7
2025-01-09,3.58,0.4,8.1,5.87,2.2,12.5,0.7428571428571429,0,3.8
2025-01-10,1.02,0.3,2,1.03,0,4,1.7428571428571429,0.4,4.9
2025-01-13,-2.36,-3.8,-1,0,0,0,6.3,5,7.4
2025-01-14,-1.09,-3.3,1.1,0.44,0,1.9,2.0142857142857142,0,5.5
2025-01-15,2.4699999999999998,-0.4,5.3,0.47,0,3.5,0,0,0
2025-01-16,2.22,0.7,3.6,0,0,0,1.1714285714285713,0,8.2
2025-01-17,-0.019999999999999997,-0.5,0.5,0,0,0,0.17142857142857143,0,0.9
2025-01-20,-0.5700000000000001,-2.2,2.3,0,0,0,2.8285714285714283,0,7.6
2025-01-21,-0.73,-2.1,0.8,0,0,0,4.514285714285714,0,7.7
2025-01-22,0.45999999999999996,-0.8,4.1,3.94,0,11.3,3.333333333333333,1,5.5
2025-01-23,3.74,1.5,5,1.61,0.3,4.2,0.7166666666666667,0,2
2025-01-24,6.73,5.6,7.8,2.86,0,12.5,1.9333333333333333,0,5.8
2025-01-27,8.26,6.6,10.2,3.21,0,11.2,1.5,0.3,3.2
2025-01-28,6.75,4.1,8.5,4.04,0,15,1.55,0,3.6
2025-01-29,6.43,5,7.8,1.6099999999999999,0.1,3.9,1.3499999999999999,0,4.6
2025-01-30,5.14,3.2,6.9,2.58,0,6,2.0166666666666666,0,5
2025-01-31,3.14,2.1,4.6,0.01,0,0.1,3.2,0,6.6
2025-02-03,-0.63,-3.1,1.2,0,0,0,5.316666666666666,0,8.7
2025-02-04,-0.54,-2.9,0.3,0.01,0,0.1,3.3833333333333333,0,9
2025-02-05,1.25,-1.1,3.8,0.04,0,0.3,1.5166666666666668,0,7.4
2025-02-06,2.79,0.4,4.5,0.02,0,0.2,1.1166666666666667,0,3.5
2025-02-07,2.55,1.2,3.8,0,0,0,1.4166666666666665,0,4.8
2025-02-10,2.13,0.3,4,1.82,0,6.6,2.466666666666667,0,4.1
2025-02-11,2.61,-0.4,5.3,2.09,0,8.2,1.3499999999999999,0,7.3
2025-02-12,2.63,-2.7,7,3.18,0,16.6,1.5999999999999999,0,5.6
2025-02-14,-0.19999999999999998,-1.9,1.2,0.28,0,1.8,0.18333333333333335,0,1.1
2025-02-17,-2.73,-5.6,-0.8,0,0,0,8.316666666666666,6.3,9.7
2025-02-18,-2.75,-5.4,-0.8,0,0,0,8.733333333333333,6.9,9.7
2025-02-19,-1.17,-3.9,2.3,0,0,0,9.083333333333334,7.7,9.8
2025-02-20,2.79,-0.8,7.7,0.15,0,0.7,4.383333333333333,0,9
2025-02-21,8.06,3.4,12.7,0.05,0,0.5,4.716666666666667,1.6,9.3
2025-02-24,8.67,5.2,11,1.44,0,4.8,2.933333333333333,0,8.7
2025-02-25,8.75,7.7,10,2.5,0,5.6,2.8,1.1,5.4
2025-02-26,6.18,4.6,7.8,3.08,0,10.1,1.15,0,2.7
2025-02-27,4.96,2,7,2.12,0.3,5,2.65,0.8,5.2
2025-02-28,3.57,1.5,4.3,1.68,0,6,1.0833333333333333,0,4.1
2025-03-03,3.86,1.8,6.7,0,0,0,9.333333333333334,5.1,10.9
2025-03-04,4.53,3.1,6.4,0,0,0,9.033333333333333,7.3,10.4
2025-03-05,6.79,5,8.9,0,0,0,10.283333333333333,9.6,11
2025-03-06,8.45,6.2,11.5,0,0,0,10.366666666666667,9.7,10.9
2025-03-07,9.3,6.5,12.2,0,0,0,10.4,10.2,10.7
2025-03-10,7.7,1.9,11.4,0.13999999999999999,0,1.4,6.833333333333333,1.8,10.1
2025-03-11,6.08,2.2,9.4,0.72,0,4.5,2.533333333333333,0,9.8
2025-03-12,4.96,3.4,6.9,1.53,0,5.7,1.1833333333333333,0,3.1
2025-03-13,3.57,1.2,5,1.71,0,10.2,1.5,0,3.6
2025-03-14,3.4899999999999998,1.3,5.5,0.65,0,4.4,0.9166666666666666,0,3.4
2025-03-17,3.3,1.1,5.9,0.02,0,0.2,8.166666666666666,4.5,10.9
2025-03-18,3.0300000000000002,1.5,5,0,0,0,11.316666666666666,11,11.8
2025-03-19,6.25,5,9.7,0,0,0,11.433333333333334,11.2,11.9
2025-03-20,9.48,8.2,12.1,0,0,0,10.733333333333334,9.9,11.7
2025-03-21,12.24,10.4,15.5,0,0,0,10.833333333333334,9.9,11.4
2025-03-24,10.129999999999999,8.6,12.6,1.97,0,10.4,3.533333333333333,0.7,8.1
2025-03-25,9.2,7.5,11.7,0.8200000000000001,0,3,3.1333333333333333,0.6,5.1
2025-03-27,7.25,5.3,9.9,0.06,0,0.6,6.516666666666667,0,11.7
2025-03-28,8.77,7.2,10.8,0.35,0,3.4,10.333333333333334,7.4,11.9
2025-03-31,7.63,6,9.8,0.6,0,3.6,3.8166666666666664,0,10.2
2025-04-01,7.66,6.2,8.8,0.01,0,0.1,7.883333333333333,1,11.7
2025-04-02,10.27,7.7,12.2,0,0,0,11.116666666666667,9,12.3
2025-04-03,12.56,10.8,15.4,0,0,0,12.333333333333332,12.1,12.6
2025-04-04,13.26,11.5,15.3,0,0,0,12.483333333333334,12.3,12.8
2025-04-07,6.2700000000000005,4.3,8.4,0,0,0,10.4,0,12.9
2025-04-08,8.14,6.1,9.9,0,0,0,10.766666666666666,7.8,12.7
2025-04-09,8.5,6.1,11.6,0,0,0,5.3,0.2,12.2
2025-04-10,8.629999999999999,7.2,9.6,0,0,0,7.716666666666667,4.3,10.9
2025-04-11,10.47,9.1,12.1,0,0,0,9.15,2.4,12.8
2025-04-14,13.95,11.9,15.7,0.060000000000000005,0,0.4,7.816666666666666,6,9.7
2025-04-15,15.4,13.5,17.4,1.06,0,5.2,7.316666666666666,2.1,9.7
2025-04-16,15.24,10.7,19.1,0.74,0,4.1,6.983333333333333,0,12.3
2025-04-17,11.879999999999999,8.4,19.6,3.41,0,9,3.0666666666666664,0,8.7
2025-04-22,12.280000000000001,10.8,13.8,0.59,0,5,4.783333333333333,2.2,7.7
2025-04-23,12.530000000000001,11,14.5,8,0,23.6,5.7,0.9,11.5
2025-04-24,11.34,10.1,13,5.42,0,21,1.8499999999999999,0,8
2025-04-25,10.68,9.5,12.3,0.5599999999999999,0,3.4,3.6,0,6.9
2025-04-28,13.7,12.3,15.7,0,0,0,13.540000000000001,12.3,14
2025-04-29,15.29,13.6,17.5,0,0,0,13.540000000000001,12.5,14
2025-04-30,16.52,13.8,18.9,0,0,0,13.2,10.8,14.1
2025-05-02,19.2,15.7,20.9,0.43000000000000005,0,2.2,11.44,6.3,13.8
2025-05-05,9.12,7.1,11.2,1.44,0,14.4,4.62,0,8.6
2025-05-06,9.82,8.3,11.8,0,0,0,7.92,0,13.9
2025-05-07,11,9.9,12.4,0.02,0,0.2,5.28,2.8,9.3
2025-05-08,11.14,8.8,12.6,0,0,0,6.9,0.7,10.8
2025-05-09,11.81,9.8,13.5,0,0,0,12.82,10.2,14.3
2025-05-12,14.51,11.5,18.1,0,0,0,14.44,13.7,14.7
2025-05-13,14.57,12.7,16.6,0,0,0,14.55,14.1,14.8
2025-05-14,15.12,12.3,17.7,0,0,0,13.6,12.5,14.6
2025-05-15,12.84,10.6,14.9,0.14,0,1.3,10.466666666666667,5.8,14.3
2025-05-16,12.06,10.6,14.4,1.14,0,11,9.133333333333333,5.4,13.5
2025-05-19,14.22,11.5,15.6,0,0,0,9.133333333333333,0,14.5
2025-05-20,16.18,15.1,17.6,0,0,0,12.033333333333333,9.2,14
2025-05-21,15.04,12.4,17.7,1.21,0,11.3,7.6,3.1,10.7
2025-05-22,11.120000000000001,8.3,13.5,1.3900000000000001,0,6.9,5.033333333333333,0.1,9.3
2025-05-23,9.74,8.8,11,0.5599999999999999,0,2,8.266666666666666,4.6,12
2025-05-26,14.92,13.1,16.2,1.04,0,4.3,6.833333333333333,3,9.5
2025-05-27,15.299999999999999,14.1,16.9,4.859999999999999,0.3,11.7,3.1333333333333333,0.4,8.1
2025-05-28,14.98,14.1,16,6.03,0.1,19,2.2333333333333334,0.3,4.7
2025-05-30,19.61,17.4,21.9,0,0,0,8.85,3.6,13.5
2025-06-02,16.7,14.2,18.2,3.92,0,18.9,4.674833333333333,0.733,7.983
2025-06-03,18.09,16.1,19.4,0.98,0,8.2,9.922166666666667,5.717,12.65
2025-06-04,18.2,16.7,20.6,3.84,0,12.9,4.752833333333333,3.3,9.117
2025-06-05,16.71,14.9,19.1,4.06,0,8.9,3.1361666666666665,0.267,5.783
2025-06-06,17.39,15.2,19.9,2.86,0,7.6,4.05,1.817,6.75
2025-06-10,16.02,13.5,18.7,1.45,0,4.8,4.541666666666667,0.317,11.75
2025-06-11,16.15,13.8,18.8,0,0,0,11.844333333333333,5.45,14.65
2025-06-12,18.83,16.3,21,0,0,0,15.297166666666666,14.75,15.85
2025-06-13,21.99,18.6,25.9,0,0,0,15.311166666666667,14.467,15.75
2025-06-16,17.99,16.8,19.6,0.02,0,0.1,7.157,3.767,9.217
2025-06-17,19.48,18.6,21.1,0,0,0,14.2098,13.3,14.733
2025-06-18,20.71,17.9,22.6,0,0,0,13.76,11.017,15.317
2025-06-19,19.43,15.2,22.7,0,0,0,14.17,10.8,15.433
2025-06-20,18.88,15.6,21.3,0,0,0,14.6736,13.367,15.617
2025-06-21,21.29,20,22.6,0,0,0,15.4832,15.217,15.75
2025-06-23,20.94,16.3,24.2,1.91,0,10.2,6.6534,4.233,8.467
2025-06-24,19.69,16.3,23.4,1.98,0,9.1,8.4468,0.367,14.367
2025-06-25,23,18.1,25.8,2.02,0,13.4,10.516666666666666,4.517,15.167
2025-06-26,21.990000000000002,18,24.5,5.140000000000001,0,22.1,5.586333333333333,1.917,11.067
2025-06-27,19.59,17.1,21.8,1.09,0,2.4,4.019333333333333,2.783,6.45
2025-06-30,23.18,18.3,26.7,0,0,0,15.541666666666668,15.167,16.033
2025-07-01,25.87,23.8,28.4,0.04,0,0.4,15.0195,13.267,15.933
2025-07-02,27.32,25.4,29.2,3.088888888888889,0,9.9,12.708333333333334,9.633,15.25
2025-07-03,20.599999999999998,17,23.4,1.08,0,9.8,7.7026666666666666,4.533,12
2025-07-04,19.599999999999998,16.9,22.3,0,0,0,11.664,7.533,14.167
2025-07-07,16.99,14.8,19,7.377777777777777,0.2,13.5,2.500166666666667,0.533,4.017
2025-07-08,15.26,13.1,17.4,1.83,0,7.7,2.5553333333333335,1.133,4.933
2025-07-09,16.63,15,17.7,0.13,0,0.8,5.983333333333333,0.667,11.733
2025-07-10,18.15,17.1,20.3,1.03,0,7.3,7.983333333333333,5.5,12.767
2025-07-11,18.39,16.7,19.7,2.3000000000000003,0,9.3,7.472333333333333,4.45,12.267
2025-07-14,20.15,18.9,21.9,3.56,0,12.3,7.041666666666667,2.883,11.517
2025-07-15,19.21,17,21,2.88,0,7.1,6.052666666666667,3.2,9.567
2025-07-16,17.05,16.1,18.2,6.76,0.5,17,3.624833333333333,1.033,7.2
2025-07-17,17.7,16.5,19.9,3.37,0,14.5,3.7945,0.017,7.7
2025-07-18,20.29,18.8,21.6,1.55,0,15.4,7.949999999999999,3.333,13.667
2025-07-21,19.18,18.1,20.3,6.909999999999999,0,22.9,2.528,0.117,4.2
2025-07-22,18.29,17.5,19.6,5.2700000000000005,0,27.5,4.577833333333333,0,11.8
2025-07-23,19.23,17.5,20.1,3.02,0,19.1,5.777666666666667,0,9.65
2025-07-24,18.85,16.7,19.7,2.25,0,7,2.2415,0.183,5.933
2025-07-25,19.2,17.7,20.6,2.67,0,12.1,4.474833333333334,0,10.6
2025-07-28,17.3,15.2,19.8,1.11,0,3.2,3.475,0.167,7.35
2025-07-29,16.64,15.1,17.6,3.75,0,12.6,4.791666666666666,2.333,7.35
